-- MySQL dump 10.13  Distrib 8.0.25, for Linux (x86_64)
--
-- Host: localhost    Database: vk
-- ------------------------------------------------------
-- Server version	8.0.25-0ubuntu0.20.04.1

/*!40101 SET @OLD_CHARACTER_SET_CLIENT=@@CHARACTER_SET_CLIENT */;
/*!40101 SET @OLD_CHARACTER_SET_RESULTS=@@CHARACTER_SET_RESULTS */;
/*!40101 SET @OLD_COLLATION_CONNECTION=@@COLLATION_CONNECTION */;
/*!50503 SET NAMES utf8mb4 */;
/*!40103 SET @OLD_TIME_ZONE=@@TIME_ZONE */;
/*!40103 SET TIME_ZONE='+00:00' */;
/*!40014 SET @OLD_UNIQUE_CHECKS=@@UNIQUE_CHECKS, UNIQUE_CHECKS=0 */;
/*!40014 SET @OLD_FOREIGN_KEY_CHECKS=@@FOREIGN_KEY_CHECKS, FOREIGN_KEY_CHECKS=0 */;
/*!40101 SET @OLD_SQL_MODE=@@SQL_MODE, SQL_MODE='NO_AUTO_VALUE_ON_ZERO' */;
/*!40111 SET @OLD_SQL_NOTES=@@SQL_NOTES, SQL_NOTES=0 */;

--
-- Table structure for table `communities`
--

DROP TABLE IF EXISTS `communities`;
/*!40101 SET @saved_cs_client     = @@character_set_client */;
/*!50503 SET character_set_client = utf8mb4 */;
CREATE TABLE `communities` (
  `id` bigint unsigned NOT NULL AUTO_INCREMENT,
  `name` varchar(150) CHARACTER SET utf8mb4 COLLATE utf8mb4_unicode_ci DEFAULT NULL,
  `admin_user_id` bigint unsigned NOT NULL,
  UNIQUE KEY `id` (`id`),
  KEY `communities_name_idx` (`name`),
  KEY `admin_user_id` (`admin_user_id`),
  CONSTRAINT `communities_ibfk_1` FOREIGN KEY (`admin_user_id`) REFERENCES `users` (`id`)
) ENGINE=InnoDB AUTO_INCREMENT=101 DEFAULT CHARSET=utf8mb4 COLLATE=utf8mb4_unicode_ci;
/*!40101 SET character_set_client = @saved_cs_client */;

--
-- Dumping data for table `communities`
--

LOCK TABLES `communities` WRITE;
/*!40000 ALTER TABLE `communities` DISABLE KEYS */;
INSERT INTO `communities` VALUES (1,'et',101),(2,'fugit',102),(3,'sint',103),(4,'maxime',104),(5,'nihil',105),(6,'illo',108),(7,'dolorum',109),(8,'ipsa',110),(9,'perferendis',111),(10,'maxime',113),(11,'dignissimos',114),(12,'distinctio',115),(13,'voluptatem',116),(14,'delectus',117),(15,'atque',118),(16,'similique',119),(17,'modi',121),(18,'optio',122),(19,'officia',123),(20,'nam',124),(21,'sed',125),(22,'aut',128),(23,'ea',134),(24,'alias',137),(25,'amet',138),(26,'assumenda',139),(27,'officia',140),(28,'odit',141),(29,'et',145),(30,'magni',146),(31,'quia',147),(32,'et',149),(33,'voluptatem',150),(34,'ut',151),(35,'voluptatibus',153),(36,'esse',154),(37,'tempore',156),(38,'eos',158),(39,'repellendus',159),(40,'velit',160),(41,'ipsum',161),(42,'repellat',166),(43,'tempore',167),(44,'doloribus',168),(45,'dolor',172),(46,'consequatur',173),(47,'illo',175),(48,'qui',176),(49,'dicta',178),(50,'autem',179),(51,'optio',180),(52,'non',181),(53,'et',182),(54,'voluptatem',188),(55,'placeat',190),(56,'dolores',193),(57,'ipsa',194),(58,'ad',197),(59,'voluptatem',198),(60,'ut',200),(61,'ab',101),(62,'neque',102),(63,'ut',103),(64,'non',104),(65,'aspernatur',105),(66,'possimus',108),(67,'ut',109),(68,'qui',110),(69,'qui',111),(70,'dolores',113),(71,'quia',114),(72,'consequuntur',115),(73,'iusto',116),(74,'quasi',117),(75,'laudantium',118),(76,'maiores',119),(77,'enim',121),(78,'rerum',122),(79,'deserunt',123),(80,'esse',124),(81,'adipisci',125),(82,'dolore',128),(83,'omnis',134),(84,'provident',137),(85,'odio',138),(86,'quod',139),(87,'temporibus',140),(88,'qui',141),(89,'ut',145),(90,'dolor',146),(91,'rerum',147),(92,'omnis',149),(93,'voluptas',150),(94,'facilis',151),(95,'aut',153),(96,'dicta',154),(97,'ex',156),(98,'asperiores',158),(99,'laboriosam',159),(100,'et',160);
/*!40000 ALTER TABLE `communities` ENABLE KEYS */;
UNLOCK TABLES;

--
-- Table structure for table `friend_requests`
--

DROP TABLE IF EXISTS `friend_requests`;
/*!40101 SET @saved_cs_client     = @@character_set_client */;
/*!50503 SET character_set_client = utf8mb4 */;
CREATE TABLE `friend_requests` (
  `initiator_user_id` bigint unsigned NOT NULL,
  `target_user_id` bigint unsigned NOT NULL,
  `status` enum('requested','approved','declined','unfriended') CHARACTER SET utf8mb4 COLLATE utf8mb4_unicode_ci DEFAULT NULL,
  `requested_at` datetime DEFAULT CURRENT_TIMESTAMP,
  `updated_at` datetime DEFAULT NULL ON UPDATE CURRENT_TIMESTAMP,
  PRIMARY KEY (`initiator_user_id`,`target_user_id`),
  KEY `target_user_id` (`target_user_id`),
  CONSTRAINT `friend_requests_ibfk_1` FOREIGN KEY (`initiator_user_id`) REFERENCES `users` (`id`),
  CONSTRAINT `friend_requests_ibfk_2` FOREIGN KEY (`target_user_id`) REFERENCES `users` (`id`),
  CONSTRAINT `CONSTRAINT_1` CHECK ((`initiator_user_id` <> `target_user_id`))
) ENGINE=InnoDB DEFAULT CHARSET=utf8mb4 COLLATE=utf8mb4_unicode_ci;
/*!40101 SET character_set_client = @saved_cs_client */;

--
-- Dumping data for table `friend_requests`
--

LOCK TABLES `friend_requests` WRITE;
/*!40000 ALTER TABLE `friend_requests` DISABLE KEYS */;
/*!40000 ALTER TABLE `friend_requests` ENABLE KEYS */;
UNLOCK TABLES;

--
-- Table structure for table `likes`
--

DROP TABLE IF EXISTS `likes`;
/*!40101 SET @saved_cs_client     = @@character_set_client */;
/*!50503 SET character_set_client = utf8mb4 */;
CREATE TABLE `likes` (
  `id` bigint unsigned NOT NULL AUTO_INCREMENT,
  `user_id` bigint unsigned NOT NULL,
  `media_id` bigint unsigned NOT NULL,
  `created_at` datetime DEFAULT CURRENT_TIMESTAMP,
  UNIQUE KEY `id` (`id`)
) ENGINE=InnoDB AUTO_INCREMENT=101 DEFAULT CHARSET=utf8mb4 COLLATE=utf8mb4_unicode_ci;
/*!40101 SET character_set_client = @saved_cs_client */;

--
-- Dumping data for table `likes`
--

LOCK TABLES `likes` WRITE;
/*!40000 ALTER TABLE `likes` DISABLE KEYS */;
INSERT INTO `likes` VALUES (1,101,1,'1976-05-24 09:47:12'),(2,102,2,'1981-08-21 10:45:33'),(3,103,3,'2000-09-16 06:22:02'),(4,104,4,'2000-04-26 20:34:44'),(5,105,5,'1971-08-22 12:11:20'),(6,108,6,'2010-05-16 04:06:26'),(7,109,7,'2009-08-11 15:34:03'),(8,110,8,'1986-04-04 00:21:43'),(9,111,9,'1994-11-12 02:27:00'),(10,113,10,'2010-02-14 17:06:07'),(11,114,11,'2010-02-01 01:52:14'),(12,115,12,'1979-09-04 15:01:18'),(13,116,13,'2005-07-02 16:38:25'),(14,117,14,'2010-02-24 02:05:07'),(15,118,15,'2021-02-15 20:37:49'),(16,119,16,'1992-07-17 23:10:01'),(17,121,17,'2010-02-19 19:01:26'),(18,122,18,'1998-10-23 08:03:04'),(19,123,19,'1983-06-21 21:59:14'),(20,124,20,'2015-07-21 23:10:06'),(21,125,21,'2010-03-10 12:28:18'),(22,128,22,'1992-01-17 11:16:00'),(23,134,23,'2006-03-01 01:51:35'),(24,137,24,'2003-11-22 16:49:57'),(25,138,25,'1987-01-26 04:31:30'),(26,139,26,'2010-08-23 17:36:13'),(27,140,27,'1992-09-10 07:32:27'),(28,141,28,'1983-01-23 08:18:13'),(29,145,29,'1986-10-30 17:41:36'),(30,146,30,'1993-01-02 22:37:22'),(31,147,31,'1994-04-12 07:21:42'),(32,149,32,'1970-03-03 12:54:34'),(33,150,33,'1991-01-08 04:08:42'),(34,151,34,'1979-03-27 23:49:51'),(35,153,35,'1977-12-26 00:10:05'),(36,154,36,'1995-09-27 12:49:06'),(37,156,37,'1999-09-18 01:57:44'),(38,158,38,'1988-06-03 08:02:05'),(39,159,39,'2010-12-18 18:24:29'),(40,160,40,'2015-10-17 15:02:33'),(41,161,41,'1995-10-02 00:09:05'),(42,166,42,'2017-06-12 22:02:08'),(43,167,43,'2010-08-18 04:43:14'),(44,168,44,'2019-02-27 19:33:23'),(45,172,45,'1984-03-31 22:58:55'),(46,173,46,'1993-02-15 11:55:49'),(47,175,47,'1994-02-21 03:18:48'),(48,176,48,'1990-02-18 13:45:38'),(49,178,49,'1984-07-29 10:48:07'),(50,179,50,'1979-01-22 18:54:18'),(51,180,51,'1997-06-08 08:49:15'),(52,181,52,'1989-10-08 16:04:56'),(53,182,53,'2015-03-22 05:21:36'),(54,188,54,'2004-08-17 20:40:51'),(55,190,55,'1981-07-08 00:45:48'),(56,193,56,'2004-03-14 22:16:09'),(57,194,57,'1983-11-06 12:44:14'),(58,197,58,'2013-01-25 23:16:16'),(59,198,59,'1986-11-29 10:17:19'),(60,200,60,'2002-05-08 05:04:42'),(61,101,61,'1992-06-27 16:38:38'),(62,102,62,'1994-03-23 09:08:24'),(63,103,63,'2008-07-06 22:34:36'),(64,104,64,'2004-05-21 17:03:02'),(65,105,65,'1974-05-10 07:07:13'),(66,108,66,'1989-09-08 14:43:56'),(67,109,67,'1976-09-12 13:35:48'),(68,110,68,'1975-04-16 00:45:12'),(69,111,69,'1977-07-11 11:14:29'),(70,113,70,'2009-11-07 09:07:23'),(71,114,71,'1979-01-17 22:01:33'),(72,115,72,'1999-06-03 15:35:45'),(73,116,73,'2008-07-20 21:05:46'),(74,117,74,'2000-07-05 14:46:59'),(75,118,75,'2013-11-04 07:42:24'),(76,119,76,'1990-09-06 20:19:15'),(77,121,77,'2006-10-21 21:37:04'),(78,122,78,'1991-01-14 09:18:07'),(79,123,79,'1997-09-22 08:28:28'),(80,124,80,'1976-04-29 11:01:40'),(81,125,81,'2013-05-04 09:51:26'),(82,128,82,'2015-04-12 18:00:23'),(83,134,83,'1974-03-06 17:20:41'),(84,137,84,'2003-01-23 00:13:23'),(85,138,85,'1979-09-01 14:39:15'),(86,139,86,'1986-03-01 02:19:35'),(87,140,87,'2010-09-18 11:05:04'),(88,141,88,'1973-04-25 05:58:51'),(89,145,89,'1979-05-31 17:07:47'),(90,146,90,'2006-08-13 06:04:21'),(91,147,91,'2008-12-19 21:14:39'),(92,149,92,'1981-06-09 14:08:16'),(93,150,93,'2011-09-20 23:45:01'),(94,151,94,'1998-09-02 11:29:42'),(95,153,95,'1983-07-13 13:21:33'),(96,154,96,'2005-01-08 05:38:46'),(97,156,97,'2014-11-07 12:26:26'),(98,158,98,'1976-06-19 21:19:03'),(99,159,99,'2014-08-05 03:49:37'),(100,160,100,'2008-05-03 00:10:54');
/*!40000 ALTER TABLE `likes` ENABLE KEYS */;
UNLOCK TABLES;

--
-- Table structure for table `media`
--

DROP TABLE IF EXISTS `media`;
/*!40101 SET @saved_cs_client     = @@character_set_client */;
/*!50503 SET character_set_client = utf8mb4 */;
CREATE TABLE `media` (
  `id` bigint unsigned NOT NULL AUTO_INCREMENT,
  `media_type_id` bigint unsigned NOT NULL,
  `user_id` bigint unsigned NOT NULL,
  `body` text CHARACTER SET utf8mb4 COLLATE utf8mb4_unicode_ci,
  `filename` varchar(255) CHARACTER SET utf8mb4 COLLATE utf8mb4_unicode_ci DEFAULT NULL,
  `size` int DEFAULT NULL,
  `metadata` longtext CHARACTER SET utf8mb4 COLLATE utf8mb4_bin,
  `created_at` datetime DEFAULT CURRENT_TIMESTAMP,
  `updated_at` datetime DEFAULT NULL ON UPDATE CURRENT_TIMESTAMP,
  UNIQUE KEY `id` (`id`),
  KEY `user_id` (`user_id`),
  KEY `media_type_id` (`media_type_id`),
  CONSTRAINT `media_ibfk_1` FOREIGN KEY (`user_id`) REFERENCES `users` (`id`),
  CONSTRAINT `media_ibfk_2` FOREIGN KEY (`media_type_id`) REFERENCES `media_types` (`id`),
  CONSTRAINT `media_chk_1` CHECK (json_valid(`metadata`))
) ENGINE=InnoDB AUTO_INCREMENT=101 DEFAULT CHARSET=utf8mb4 COLLATE=utf8mb4_unicode_ci;
/*!40101 SET character_set_client = @saved_cs_client */;

--
-- Dumping data for table `media`
--

LOCK TABLES `media` WRITE;
/*!40000 ALTER TABLE `media` DISABLE KEYS */;
INSERT INTO `media` VALUES (1,1,101,'Atque a odio et. Nostrum quidem blanditiis ullam dolorem. Et tenetur voluptatum nesciunt est repellat suscipit quis.','minima',6778,NULL,'1979-05-18 19:07:02','2007-03-13 05:00:37'),(2,2,102,'Harum sed voluptas quo. Ut ut accusantium aut vel vel. Iusto ea possimus praesentium.','deserunt',83266432,NULL,'2003-10-21 02:29:14','2008-11-24 02:04:46'),(3,3,103,'Assumenda sint provident culpa dolor. Dignissimos tempora ea voluptatem ea recusandae ut accusamus. Fugiat maxime nihil nobis non voluptatem voluptatem. Iusto quod saepe voluptates.','nostrum',68951060,NULL,'2001-02-06 20:44:12','2012-07-08 11:47:47'),(4,4,104,'Quis necessitatibus assumenda voluptatem voluptatem. Optio ullam magnam maiores. Et minima cumque rerum et nobis velit accusamus. Quo nesciunt animi officia voluptatum.','quo',0,NULL,'2020-02-12 22:57:50','1977-02-01 03:59:14'),(5,5,105,'Repellat dolor nam ad vitae et qui. Inventore perspiciatis et iste incidunt incidunt consectetur. Aliquam dolorem placeat excepturi ea ut dolores exercitationem.','corporis',906240038,NULL,'1973-02-27 21:33:09','1972-09-10 23:47:09'),(6,6,108,'Et nam sed debitis ea. Qui ipsam voluptatem molestias quis dolore eius eligendi.','ipsa',0,NULL,'1979-12-24 00:15:07','2010-08-22 09:49:04'),(7,7,109,'Ex aut voluptas impedit nihil recusandae soluta omnis. Tempora numquam repudiandae eveniet libero eum.','ea',0,NULL,'1974-03-16 03:22:07','2009-09-13 12:34:14'),(8,8,110,'Illum inventore laudantium voluptatem et qui et dolorum architecto. Omnis magnam necessitatibus dolorum sunt nihil quo voluptatem. Quis et repellat laudantium sed architecto dolores corrupti.','optio',0,NULL,'1986-05-11 19:16:35','1986-05-11 00:00:35'),(9,9,111,'Accusantium soluta illo molestiae veniam nihil ipsam. Perferendis officia sed veniam similique beatae in. Ea sint ipsa iusto sunt officia eligendi aliquam.','pariatur',5684191,NULL,'2012-10-09 07:45:13','2017-01-13 01:59:32'),(10,10,113,'Velit exercitationem fuga est commodi ipsam dolor nostrum. Eos voluptates tempora consequatur eaque eius. Ut occaecati labore consectetur repudiandae officiis.','pariatur',93476457,NULL,'1998-04-28 00:41:21','1977-01-15 22:13:18'),(11,11,114,'Nulla aut est quia quae sit et. Voluptates est corporis sint sunt. Sed et repudiandae ullam quo dolores.','similique',38686414,NULL,'2000-10-09 06:26:04','2015-02-18 20:32:11'),(12,12,115,'Quibusdam sint fugit maiores aliquam saepe accusantium. Soluta non omnis eos aut voluptatem distinctio tempore. Quibusdam alias quis doloremque dolorum omnis dolorem quia. Sunt veniam recusandae dolor.','ad',210374639,NULL,'1999-05-27 12:35:15','2006-06-12 17:39:16'),(13,13,116,'Delectus non maiores quam in quis quia atque veritatis. Est magnam porro eos voluptatibus. Dignissimos possimus et autem eum unde architecto non.','quis',837762239,NULL,'1975-08-21 13:28:12','2005-04-20 14:55:46'),(14,14,117,'Sed aut ipsum quis quae dicta vel tempora. Dolorem non optio cupiditate ut. Sed sed qui consequuntur repellat non.','aliquid',0,NULL,'2000-06-11 15:43:15','2011-04-11 08:18:32'),(15,15,118,'Assumenda tenetur officiis rerum. Sed sint placeat maxime beatae dolores. Sunt neque debitis minus repellat.','aliquid',42058,NULL,'2004-09-14 06:28:42','1990-10-28 13:33:26'),(16,16,119,'Eum illum cupiditate molestiae porro odio. Quae id ad quia rerum incidunt. Magnam repellendus a et ex repellendus. Nobis at ut ducimus sint tempore quis eos.','voluptas',5,NULL,'2014-11-02 10:08:56','1972-01-11 06:15:05'),(17,17,121,'Provident cum porro id autem suscipit. Ex et totam sint amet dolores nisi. Aut quo voluptas enim non quidem et.','eos',2,NULL,'1985-12-14 04:21:19','2018-04-30 04:00:38'),(18,18,122,'Et quis nulla optio praesentium. Qui distinctio iusto esse magnam dolorem fuga. Amet excepturi illum magni est nisi consectetur.','debitis',259714,NULL,'2005-05-13 00:55:27','1984-09-12 20:14:53'),(19,19,123,'Molestiae blanditiis aut accusamus aut dolorem ut odio. Voluptatem vero natus beatae. Iste error perspiciatis voluptas porro dolorem. Voluptatibus fugit minima quisquam et laudantium.','molestias',69,NULL,'2012-05-25 15:47:34','2011-09-05 21:11:09'),(20,20,124,'Similique molestiae nobis facilis. Impedit voluptates veniam qui ex. Nihil libero perferendis incidunt.','est',92114,NULL,'2010-03-18 15:24:50','1983-07-25 08:03:21'),(21,21,125,'Unde cupiditate nostrum velit pariatur quia necessitatibus. Explicabo cumque illo culpa corporis laudantium tempora voluptates atque. Tempore beatae esse ex eligendi aut aut consequuntur.','magni',6174,NULL,'1972-08-07 09:43:37','1992-12-28 10:16:43'),(22,22,128,'Voluptatem harum ipsa nulla hic perspiciatis numquam aut. Qui iusto id voluptates non officiis. Ea laudantium et ullam sit perspiciatis est modi eveniet. Excepturi unde qui sed impedit tempore facilis.','et',549,NULL,'1971-05-13 15:43:02','1997-11-14 12:18:56'),(23,23,134,'Expedita tempora qui rem natus accusantium. Occaecati in quasi rerum aspernatur quibusdam. Quo perferendis atque ratione placeat asperiores saepe.','soluta',235,NULL,'1983-06-19 11:57:17','1992-09-13 04:23:12'),(24,24,137,'Officia natus in voluptatem porro et. Rerum et ex praesentium labore temporibus. Optio sed quasi et iste praesentium nisi vero.','temporibus',7,NULL,'2005-06-05 10:20:40','1973-04-26 19:56:01'),(25,25,138,'Facilis sunt numquam fuga aut. Minus dolor veniam veritatis ut consectetur.','et',54836,NULL,'1999-08-27 13:38:58','2018-12-05 22:05:25'),(26,26,139,'Ducimus omnis ea ullam explicabo. Officiis laboriosam vero natus nisi officiis rem aspernatur. Omnis voluptate aperiam consectetur maxime nulla.','laudantium',8924,NULL,'2003-01-28 04:46:10','1974-01-10 16:16:42'),(27,27,140,'Et id aut voluptates repudiandae sit soluta neque. Et molestias labore perferendis dolore eos dignissimos est voluptas. Repellendus dolorem fugit magni consequatur beatae quaerat.','nostrum',6715328,NULL,'1983-04-30 21:27:17','1990-08-15 18:12:28'),(28,28,141,'Nam laudantium qui non libero quaerat non velit. Incidunt maiores est ad sed possimus. Ea praesentium saepe repellendus est.','perspiciatis',9722420,NULL,'1978-07-23 00:30:54','1972-12-21 00:55:33'),(29,29,145,'Corrupti atque accusantium aspernatur. Tempore excepturi aperiam expedita enim esse et. Rem libero impedit aut vel et est expedita. Odit placeat labore ut quis officiis non fugiat.','quibusdam',229308,NULL,'1972-08-29 17:02:28','1975-04-29 18:17:56'),(30,30,146,'Facilis doloremque vero quidem tempore tenetur. Aut aliquid blanditiis dolor tempore illo labore qui.','similique',965470485,NULL,'1999-07-09 00:13:06','1989-04-05 20:15:55'),(31,31,147,'Corrupti nemo molestiae eos ut aspernatur modi dolorum. Facere ut dolores vel nostrum et. Dolorem ullam eum id aspernatur qui iure. Tenetur magni possimus temporibus occaecati.','sapiente',21733,NULL,'2012-06-02 05:07:15','2012-04-21 17:10:41'),(32,32,149,'Sit voluptas sit sunt aut autem. A explicabo tempora nemo ut. Et unde tempora ea sint.','enim',772,NULL,'2017-02-18 14:41:15','2017-01-10 12:39:40'),(33,33,150,'Ex rerum nihil voluptatem sint voluptatem dignissimos. In tenetur et consequatur accusantium non molestias minima. Maxime autem voluptatibus ut veritatis qui rerum. Officiis ea laboriosam aspernatur non.','iure',42015,NULL,'2019-03-10 01:30:29','2012-09-02 17:11:16'),(34,34,151,'Et labore ea qui aliquid temporibus eos. Sunt totam iste aspernatur nam harum voluptatum. Exercitationem voluptatem minus error debitis voluptas quos.','aut',34520,NULL,'1980-02-05 16:14:11','1986-01-20 18:29:44'),(35,35,153,'Soluta excepturi impedit facilis et perferendis asperiores in. Cupiditate ipsum reprehenderit architecto quis doloribus repudiandae. Quos unde tenetur voluptatibus. Incidunt qui a qui odio ab occaecati.','sed',9,NULL,'1986-01-31 22:04:01','2004-12-01 19:49:29'),(36,36,154,'Voluptatem aut eum atque totam culpa ipsum. Cupiditate vel tempore dicta soluta. Qui quis aut quisquam error voluptate. Dolorem fugiat et id aspernatur.','eveniet',75,NULL,'1998-03-27 07:44:30','1982-03-28 20:37:59'),(37,37,156,'Similique totam enim omnis qui in qui id. Aut reprehenderit voluptas quae quas ipsam. Non voluptas totam sed unde impedit et.','eos',698526339,NULL,'1999-09-30 01:44:46','2013-12-04 08:16:17'),(38,38,158,'Consequatur cumque aperiam quia nulla. Quibusdam reiciendis qui libero tempora quas. Ad et enim qui unde et. Fugiat accusamus necessitatibus inventore ipsa quaerat.','doloribus',34345,NULL,'2020-07-21 16:27:47','1978-01-22 21:42:59'),(39,39,159,'Repudiandae nemo autem id quia quisquam sint accusantium. Est blanditiis cupiditate et sit et. Sed et quam voluptatem et.','nisi',851226,NULL,'2011-05-14 23:54:47','2020-06-16 12:02:01'),(40,40,160,'Fugiat aut et quia consectetur. Et saepe accusantium qui tempora et aliquid. Quas placeat harum sed ut ipsum non et. Expedita rerum odit nemo.','beatae',443206200,NULL,'1978-09-03 05:19:28','1986-07-21 22:41:44'),(41,41,161,'Voluptatem ab officia qui et inventore. Possimus perferendis optio cumque voluptates qui perspiciatis. Deleniti aut quibusdam laboriosam praesentium maxime et laborum. Est quia est ad qui dolorem.','reiciendis',50,NULL,'2007-08-11 17:47:49','1988-03-23 10:23:54'),(42,42,166,'Voluptatem deserunt rerum provident ut eos veritatis incidunt. Quia reiciendis aut voluptas. Laborum provident consequatur iusto architecto maxime consequuntur cum. Voluptatem et nostrum occaecati vero asperiores laboriosam illo. Dolorem omnis ut magnam enim quis.','molestiae',10437,NULL,'1971-09-10 12:43:10','2002-03-03 20:49:34'),(43,43,167,'Repudiandae ratione rerum ut eveniet. Itaque qui sapiente magnam aut doloribus voluptatem beatae. Ut reiciendis deserunt autem fuga illo quia.','sed',4,NULL,'1999-07-12 03:01:15','1982-05-31 08:53:29'),(44,44,168,'Qui in iste repellendus. Laudantium laborum ipsam rerum vitae ipsa saepe. Cum doloremque voluptatum accusamus dignissimos a.','ipsam',893,NULL,'2014-07-05 00:00:36','1990-02-28 08:05:43'),(45,45,172,'Quo neque officia quos id. Inventore hic dolorem illo itaque tenetur eius. Molestias error omnis nihil iure iste quo rerum fugit. Enim non et possimus est quae et.','accusantium',4,NULL,'2009-10-07 09:29:01','2013-10-05 22:18:16'),(46,46,173,'Dicta iure enim mollitia et aut. Numquam quam distinctio iusto possimus. Enim necessitatibus perspiciatis voluptate quod aliquid aut sit. Consequatur velit aperiam nesciunt itaque ratione officiis sint atque.','ducimus',9481,NULL,'1993-10-19 20:09:04','1979-08-13 04:08:26'),(47,47,175,'Enim voluptatum sit debitis. Ipsam ab animi maiores. Ut nostrum excepturi dicta consequatur.','itaque',55353073,NULL,'2021-04-13 20:46:03','1979-02-28 09:27:56'),(48,48,176,'Exercitationem ipsam rerum natus culpa. Modi error voluptas recusandae neque qui occaecati. Sed unde enim inventore architecto. Nihil ab repellendus enim sed autem dolor reprehenderit non.','praesentium',8519627,NULL,'2008-12-14 13:38:51','1973-08-08 12:19:14'),(49,49,178,'Et placeat consequatur dolor minima omnis eius expedita quos. Odit sit accusamus rerum delectus ipsa quis et. Ea occaecati aut voluptatem aliquid odit.','facere',4,NULL,'1987-04-16 06:53:23','1972-05-20 12:10:03'),(50,50,179,'Mollitia laudantium et hic similique eum voluptas corporis. Eius esse excepturi voluptatem modi voluptatem. Dolore odit consequatur molestiae est est.','dolorem',0,NULL,'1987-10-09 02:20:11','2002-08-03 10:13:01'),(51,51,180,'Et ipsa eos aut facere. Ad aut aut velit commodi quis. Quod et nostrum quod qui deleniti sit. Dolorem consectetur cum quo.','quo',445,NULL,'2003-11-10 23:04:16','2010-05-17 19:25:53'),(52,52,181,'Omnis eaque repudiandae fuga illo asperiores amet et est. Aliquid ut quam earum ex aliquam quia. Iure non laudantium consequatur ut.','soluta',93406,NULL,'1996-07-29 08:44:49','2010-01-01 23:18:09'),(53,53,182,'Temporibus alias ut quam consequuntur. Et voluptas ut facilis vero consequatur vel ab ullam. Labore consequatur mollitia quo veritatis blanditiis quo.','corporis',605091,NULL,'2009-09-12 14:34:41','1985-11-12 11:48:45'),(54,54,188,'Aut quia reiciendis eligendi facere sapiente et quaerat. Corrupti ex libero nihil officia asperiores itaque ipsa. Doloribus ut occaecati molestias qui ipsum quasi voluptatum.','magnam',6,NULL,'2003-07-22 19:20:42','2003-08-18 02:11:46'),(55,55,190,'Perferendis quas consequatur deserunt. Nostrum est voluptatem odio. Aut quibusdam dolore in eveniet quis. Perferendis ut est rerum unde. Architecto expedita similique unde at blanditiis et.','quia',127498,NULL,'2018-07-25 23:29:44','2001-06-23 17:50:35'),(56,56,193,'Recusandae delectus sint deleniti libero sint. Accusamus cupiditate ut esse nihil. Non quia exercitationem aut aut suscipit dignissimos architecto. Omnis facilis ratione vitae ut.','autem',505584,NULL,'2020-11-10 04:13:13','1985-11-03 04:12:00'),(57,57,194,'Quisquam et quasi ipsum libero facere. Delectus qui eum ipsam voluptatem.','assumenda',4504235,NULL,'1978-07-31 13:24:27','1995-09-07 16:31:30'),(58,58,197,'Consequatur sint molestiae dolorum quia recusandae aut voluptates. Modi pariatur assumenda laborum quos quo eligendi consequuntur labore. Voluptates et accusantium temporibus repudiandae dolor non harum.','rerum',75,NULL,'1977-05-03 17:57:35','1985-01-23 03:53:16'),(59,59,198,'Facere libero blanditiis omnis atque saepe in adipisci. Voluptas ratione quia odit necessitatibus laudantium a. Consequatur illum rerum consequatur et sequi dicta quis.','et',4409585,NULL,'2019-06-02 21:21:48','1985-08-04 19:22:46'),(60,60,200,'Voluptatem repudiandae corporis enim at quas. Exercitationem aspernatur eligendi non omnis rerum consequatur. Et aliquid nisi ullam. Deleniti non est iure eaque molestiae rem aliquid doloribus.','beatae',8264534,NULL,'1994-10-18 09:40:18','1986-09-07 06:22:04'),(61,61,101,'Sed nam eaque aut sequi quo repellat debitis id. Quibusdam necessitatibus velit neque beatae atque quos. Earum maiores quae est ipsam eum. Ullam eaque deserunt in voluptas itaque incidunt sit.','itaque',0,NULL,'1988-05-10 11:02:27','2018-03-29 07:47:01'),(62,62,102,'Iusto vero debitis ea autem. Ut explicabo sit magnam velit ut a omnis. Quasi numquam sed doloribus aperiam non aut. Inventore dolor et consequatur modi animi.','illo',94569,NULL,'1975-11-18 21:54:34','1994-03-07 01:28:35'),(63,63,103,'Unde distinctio ratione excepturi aut consequuntur eaque maiores ab. Dignissimos voluptas dicta similique quod.','eligendi',3,NULL,'1985-06-11 06:57:35','1984-01-13 18:06:52'),(64,64,104,'Assumenda aut voluptas quia. Perferendis eum iure aut ad. Accusantium tenetur est quisquam expedita quas accusamus. Voluptate reiciendis dolor ut sed aut nobis.','vel',133203938,NULL,'2017-02-23 22:49:20','1991-12-18 10:41:30'),(65,65,105,'Facere occaecati architecto quibusdam quia itaque soluta. Ut expedita minus est aut est omnis. Ab voluptatem cum consequuntur perspiciatis.','et',125201,NULL,'2019-05-04 14:15:09','1981-05-17 11:22:14'),(66,66,108,'Ea amet similique earum sit culpa. Saepe quia recusandae aspernatur quia tempora velit sunt. Accusantium eveniet sit asperiores sed.','adipisci',7385645,NULL,'2017-09-07 09:36:53','1985-03-23 23:35:45'),(67,67,109,'Aut eos eius sit incidunt officia. Qui eius nostrum dolorum sit nesciunt cumque a perspiciatis. Excepturi nobis fuga laborum veritatis eius temporibus. Consequatur consectetur voluptatem reprehenderit incidunt aut eos ex.','et',727,NULL,'1984-05-02 01:00:35','1988-03-01 13:27:46'),(68,68,110,'Culpa occaecati qui commodi temporibus eos voluptas. Maiores ipsa labore qui dolores eius quidem adipisci alias. Repellendus totam ea voluptatum est molestias. Asperiores ut consequatur ut ut alias voluptas.','exercitationem',2185,NULL,'1991-06-23 16:57:34','2009-11-27 02:55:07'),(69,69,111,'Nam eum illo deleniti rerum minus. Et eum rem vel dolorum culpa id.','id',401610,NULL,'1998-04-17 06:16:47','1977-05-04 04:28:26'),(70,70,113,'Fugiat inventore beatae laudantium quos. Molestias aperiam inventore alias esse culpa ut omnis. Repellat iusto voluptatem nemo.','doloribus',99832,NULL,'1972-03-21 10:18:00','1984-11-17 22:59:57'),(71,71,114,'Error in odio aut omnis commodi consequatur. Impedit totam dicta nemo quas. Qui deleniti ut quam veritatis corrupti. Suscipit debitis et facere deserunt.','quo',52,NULL,'1984-12-10 01:19:49','1984-07-17 18:52:17'),(72,72,115,'Delectus cum ut optio nostrum. Quam vel dolore officiis quasi. Cupiditate voluptate velit enim assumenda mollitia debitis delectus. Rerum debitis unde minus sed similique enim consequatur.','aut',70,NULL,'1979-05-13 15:51:46','2006-08-13 18:38:57'),(73,73,116,'Vero mollitia ratione voluptatem illum qui explicabo facilis. Eos qui quis voluptas ipsam. Et dicta voluptatum quaerat.','repudiandae',7057,NULL,'2004-08-29 17:39:58','2002-04-15 08:58:31'),(74,74,117,'Dolore ipsam et eligendi voluptates consequuntur quo sint consectetur. Consequuntur aperiam hic tempore qui. Ut dolor magni consectetur cumque vitae. Laboriosam reiciendis est atque et facilis qui.','dignissimos',678,NULL,'2019-01-23 18:04:58','1970-05-08 10:10:35'),(75,75,118,'Laudantium quasi perspiciatis error voluptatum sapiente delectus ut. Modi tenetur perspiciatis est facilis consequatur.','rerum',800506738,NULL,'1999-10-16 20:47:36','1997-07-27 03:52:43'),(76,76,119,'Est saepe minima rerum sint eos et. Autem architecto reprehenderit beatae ut sit necessitatibus. Rem deserunt facere dolores nemo fugit et quis. Quod accusantium ut ea vel minus.','animi',8283813,NULL,'1994-12-01 17:00:23','2017-10-29 01:19:33'),(77,77,121,'Maxime ut voluptatem sit in deleniti autem. Possimus numquam debitis adipisci placeat excepturi. Sint ullam illum magnam ullam quos. Qui qui error iste voluptatem qui iure.','ut',0,NULL,'1990-04-07 14:20:28','1970-07-25 20:17:40'),(78,78,122,'Sapiente nemo eum voluptas voluptatum laudantium et. Et quos ea ut aut id atque. Et sit sint odit. Aliquam sint aut quidem quas ex omnis.','facere',265,NULL,'1973-01-09 11:09:44','2012-10-15 12:51:18'),(79,79,123,'Dolor illo incidunt facere soluta voluptates quod perferendis. Et repellat animi fugit et. Magnam necessitatibus ipsum quia blanditiis vitae eligendi voluptate. Mollitia officiis nihil ut aut.','consequatur',16670,NULL,'1977-10-31 10:21:13','2001-09-09 11:11:37'),(80,80,124,'Aliquam ullam quo adipisci sunt sed culpa. Nostrum deleniti voluptate in qui ex nihil. Necessitatibus voluptatum aut voluptas minus voluptas.','quam',1,NULL,'2004-06-16 16:05:21','2006-01-08 03:57:01'),(81,81,125,'Excepturi blanditiis veritatis nemo sint. Est et rerum aliquam voluptas est beatae libero. Ut rem nulla consequuntur.','consequuntur',53280,NULL,'2014-10-04 21:00:29','2005-07-04 22:18:32'),(82,82,128,'Facilis officia illo perferendis. Dolor atque incidunt aut et ex et omnis. Ea laudantium dignissimos officiis veniam.','natus',8421609,NULL,'2003-08-21 18:41:17','2009-08-10 19:17:53'),(83,83,134,'Illo vero dolorem et beatae nam. Cum esse et optio incidunt. Est odio id vel.','molestiae',938144,NULL,'1982-03-16 08:08:09','1973-08-08 01:21:54'),(84,84,137,'Porro velit distinctio repudiandae quis repellendus. Repudiandae sed quam consequatur odit qui nulla vel. Praesentium aspernatur molestiae cum.','quidem',928967097,NULL,'2006-09-18 14:34:52','1992-02-26 06:38:23'),(85,85,138,'Quo hic accusantium et sed. Incidunt laboriosam laborum est. Nemo et ipsam alias. Consequatur qui est nobis in asperiores pariatur.','nesciunt',892,NULL,'1988-07-09 22:15:35','1995-05-22 06:10:51'),(86,86,139,'Aut consectetur dolorem est quas sunt velit. Hic ut tempora eligendi. Exercitationem voluptatem iure ut est. Amet ab ullam culpa.','itaque',1883727,NULL,'2019-05-09 10:45:29','1993-06-04 08:31:17'),(87,87,140,'Mollitia sapiente illo ducimus molestiae. Enim enim aperiam aspernatur ipsa maxime. Nemo ex quis voluptatem. Reprehenderit rerum asperiores dolor eos doloremque unde.','ducimus',81639,NULL,'2018-05-31 12:36:28','1983-11-02 23:03:07'),(88,88,141,'Et et sit voluptates ullam tempore quis adipisci voluptatem. Veritatis at in sunt rerum quis.','ipsa',776373,NULL,'1972-01-10 17:27:54','1971-03-12 22:53:42'),(89,89,145,'Commodi sunt voluptas facere excepturi. Cumque tempore sint et est minima. Sint esse vero tempore.','reiciendis',32,NULL,'2013-04-29 23:49:02','1996-03-25 21:21:06'),(90,90,146,'Qui quaerat fuga ab cum totam dolor velit. Voluptas nobis non accusantium autem dolor. Dolores dolore est eius aut.','eum',50,NULL,'1982-03-24 13:27:23','1977-05-31 15:24:24'),(91,91,147,'At aut sit dolorem fugiat autem omnis eaque dolore. Quis et est quia illum molestiae amet reiciendis. Aut facere voluptates labore in culpa fugit.','ducimus',9412,NULL,'1984-03-13 13:42:12','2004-01-06 14:44:01'),(92,92,149,'Voluptatum dolor magni dolorem quo. Quia et et qui incidunt expedita rerum qui dolorem. Iste exercitationem esse consequuntur.','voluptatibus',62766094,NULL,'2009-04-29 03:32:45','1973-10-12 19:54:02'),(93,93,150,'Dolorum rem suscipit molestiae voluptates totam sed harum perspiciatis. Pariatur molestiae repudiandae quia. Ut quas laudantium corporis rem natus.','nostrum',52878,NULL,'2017-03-06 08:56:09','2019-06-04 18:16:33'),(94,94,151,'Ut voluptatem similique vel. Totam sit accusantium eveniet distinctio. Officiis aut dolores ea dicta laudantium.','pariatur',7,NULL,'1986-02-23 12:36:33','1975-06-28 00:40:36'),(95,95,153,'Aliquam dolor velit ad cum nulla eos iusto. Occaecati sit quod corporis accusamus suscipit at non. Modi molestias et voluptas quia.','quia',6136,NULL,'1980-03-21 07:17:16','2004-07-25 08:34:51'),(96,96,154,'Fugit et quod et rem dignissimos qui. Eius sunt quam repellat rerum quisquam cum. Excepturi magnam et quia cupiditate eos dolorum eum doloribus. Explicabo id commodi sit nam blanditiis.','ut',2209,NULL,'1972-11-03 06:16:37','1987-10-17 18:32:56'),(97,97,156,'Nemo et natus temporibus aut similique. Libero dolor fugiat dolorem aut nobis exercitationem ducimus. Ut aperiam aut culpa aut quo. Dignissimos quis unde quod blanditiis enim.','quam',710892,NULL,'1981-06-14 20:00:19','2017-12-27 19:45:13'),(98,98,158,'Cumque molestiae perferendis officiis ea facilis qui ea. Nihil et enim minus pariatur ab praesentium. Fugiat adipisci et deserunt earum necessitatibus qui ut. Quisquam natus laboriosam quaerat ipsum autem voluptatum ut labore.','et',6289729,NULL,'1989-12-12 08:48:14','1990-04-07 14:30:28'),(99,99,159,'Occaecati possimus quis et. Est quo ut ut ex vel accusamus. Non possimus nam est atque. Similique perspiciatis voluptas unde cupiditate et eos.','quia',10449,NULL,'2002-11-09 23:53:14','1987-07-12 14:14:53'),(100,100,160,'Autem asperiores et sed quam sed similique odio. Alias qui dolorem voluptatem vitae qui corporis voluptatem. Aut voluptatem dolore necessitatibus nihil alias incidunt. Adipisci sint pariatur ex cumque blanditiis tempore.','hic',6047482,NULL,'2017-06-18 12:43:25','1992-03-10 17:45:38');
/*!40000 ALTER TABLE `media` ENABLE KEYS */;
UNLOCK TABLES;

--
-- Table structure for table `media_types`
--

DROP TABLE IF EXISTS `media_types`;
/*!40101 SET @saved_cs_client     = @@character_set_client */;
/*!50503 SET character_set_client = utf8mb4 */;
CREATE TABLE `media_types` (
  `id` bigint unsigned NOT NULL AUTO_INCREMENT,
  `name` varchar(255) CHARACTER SET utf8mb4 COLLATE utf8mb4_unicode_ci DEFAULT NULL,
  `created_at` datetime DEFAULT CURRENT_TIMESTAMP,
  `updated_at` datetime DEFAULT NULL ON UPDATE CURRENT_TIMESTAMP,
  UNIQUE KEY `id` (`id`)
) ENGINE=InnoDB AUTO_INCREMENT=101 DEFAULT CHARSET=utf8mb4 COLLATE=utf8mb4_unicode_ci;
/*!40101 SET character_set_client = @saved_cs_client */;

--
-- Dumping data for table `media_types`
--

LOCK TABLES `media_types` WRITE;
/*!40000 ALTER TABLE `media_types` DISABLE KEYS */;
INSERT INTO `media_types` VALUES (1,'omnis','2017-10-25 02:46:55','1988-02-19 07:04:25'),(2,'adipisci','1978-11-03 03:36:30','1997-09-21 20:30:32'),(3,'quo','1986-06-27 23:36:16','2006-07-20 11:03:01'),(4,'itaque','1980-06-29 03:26:09','2006-02-20 12:05:40'),(5,'iusto','1995-08-18 19:51:52','2016-06-05 12:48:54'),(6,'soluta','2000-02-17 15:21:06','2008-10-26 10:39:47'),(7,'harum','2002-04-11 03:58:57','1995-10-20 00:40:30'),(8,'sint','2014-04-23 18:37:57','1983-08-17 14:34:36'),(9,'eos','2010-12-06 11:09:31','2015-09-24 06:35:29'),(10,'est','2001-06-24 23:00:12','1971-09-05 18:24:27'),(11,'optio','1999-05-18 11:24:43','1989-09-07 08:28:13'),(12,'consequatur','2006-02-19 11:28:05','1986-07-18 15:01:22'),(13,'non','1990-09-04 23:54:13','2011-08-21 12:16:52'),(14,'magni','1976-11-28 18:49:31','1987-04-25 10:07:47'),(15,'aperiam','2016-01-27 00:41:21','2008-12-08 20:39:30'),(16,'esse','1976-01-21 03:05:37','1990-06-26 23:34:44'),(17,'est','1987-04-05 19:59:24','1970-04-13 02:22:06'),(18,'voluptatem','1981-11-23 03:28:38','1989-11-05 22:28:43'),(19,'explicabo','2006-06-27 10:29:15','2002-02-20 10:59:46'),(20,'voluptas','2004-02-03 11:51:28','2011-11-24 03:57:58'),(21,'qui','2013-12-30 07:38:19','1980-03-18 16:56:08'),(22,'earum','1976-05-22 13:49:56','2008-01-23 00:34:55'),(23,'quod','2019-06-22 18:32:04','1979-05-14 18:40:40'),(24,'consequatur','2020-02-08 07:05:47','1985-09-09 19:54:48'),(25,'placeat','1970-11-21 02:47:50','2005-01-07 23:20:37'),(26,'dolorum','1974-03-08 04:06:50','2013-07-09 10:48:40'),(27,'deleniti','2016-03-30 01:43:03','2007-05-19 00:54:55'),(28,'accusamus','1995-11-28 07:04:54','2008-01-20 11:58:51'),(29,'voluptas','1991-07-29 01:27:18','2015-10-20 20:14:55'),(30,'delectus','2008-06-29 20:23:45','2007-04-23 04:47:25'),(31,'eaque','1980-03-17 15:40:26','1990-01-15 20:13:59'),(32,'tempore','1981-06-30 18:04:27','2010-12-29 12:42:38'),(33,'corrupti','1986-01-11 17:08:07','1972-04-06 05:45:17'),(34,'maxime','1998-12-13 15:33:34','1992-12-05 03:26:10'),(35,'mollitia','1989-06-27 01:20:01','1973-04-17 18:37:35'),(36,'dolorem','1998-04-02 16:46:51','1984-09-11 22:29:31'),(37,'numquam','1978-10-11 06:28:34','1974-12-01 08:20:37'),(38,'quia','1983-11-29 16:44:30','1983-12-13 07:28:02'),(39,'beatae','2001-05-08 02:52:57','2011-03-10 20:33:41'),(40,'tempore','1970-10-01 23:38:04','2017-10-25 03:13:14'),(41,'voluptatum','1983-08-28 06:08:42','1988-09-15 19:34:11'),(42,'maxime','2003-11-17 15:51:58','1991-09-02 17:11:09'),(43,'ex','1974-10-14 20:06:21','1998-08-06 14:19:00'),(44,'consequatur','1972-11-08 06:38:38','1992-03-30 14:14:26'),(45,'necessitatibus','1990-09-09 12:54:17','2010-10-25 13:56:29'),(46,'quos','2009-03-09 08:11:12','1987-06-21 22:18:36'),(47,'doloremque','1992-11-05 20:09:16','1993-05-11 17:45:25'),(48,'alias','1987-04-16 05:20:25','1977-10-20 05:19:30'),(49,'qui','2007-04-13 07:41:59','2006-05-02 12:41:50'),(50,'eaque','1981-08-02 01:32:16','1999-12-06 23:27:40'),(51,'facilis','2020-10-18 05:49:54','2013-01-26 10:22:58'),(52,'eius','1992-06-09 17:06:32','2020-01-25 00:11:25'),(53,'nam','2015-10-02 14:28:27','2011-11-17 08:13:31'),(54,'voluptas','1988-08-31 11:30:42','1974-08-01 14:48:29'),(55,'sunt','1992-12-08 14:02:58','1972-11-21 22:17:48'),(56,'et','2018-02-10 02:19:49','1999-10-03 22:25:13'),(57,'tempore','1992-08-09 19:03:43','1974-09-24 21:01:24'),(58,'voluptas','2012-08-19 02:56:10','2015-03-01 17:48:16'),(59,'reprehenderit','1993-02-14 19:48:40','2020-05-15 03:42:31'),(60,'aut','2005-10-11 04:15:45','1972-12-18 03:15:35'),(61,'expedita','2003-04-14 00:58:31','1973-08-10 00:28:58'),(62,'non','2016-07-01 08:49:54','2005-12-28 11:04:21'),(63,'placeat','2002-05-22 02:09:53','1994-06-30 22:53:13'),(64,'veniam','2008-11-23 05:22:05','1970-10-07 08:03:54'),(65,'neque','2009-11-06 06:51:27','1988-07-30 13:43:10'),(66,'voluptate','1991-06-07 14:24:03','1994-10-25 05:22:55'),(67,'reiciendis','1972-03-02 09:03:48','2014-02-09 23:37:22'),(68,'dolorem','1989-01-13 00:26:30','1977-07-21 04:14:34'),(69,'molestias','1996-04-26 18:49:41','2009-03-09 16:19:50'),(70,'veniam','1989-04-22 14:00:14','1986-09-28 17:27:50'),(71,'vel','2003-12-18 23:50:33','1983-01-29 08:06:02'),(72,'id','2004-05-25 13:00:08','2005-08-06 22:26:40'),(73,'dignissimos','1984-07-06 14:55:33','2002-02-09 17:41:49'),(74,'id','2014-06-11 12:20:28','2006-08-26 07:56:42'),(75,'iure','2001-06-27 08:18:35','2020-02-13 10:59:57'),(76,'illum','1994-01-30 09:42:35','1999-02-28 00:29:30'),(77,'consequatur','1984-01-29 06:24:37','1984-12-30 04:12:43'),(78,'adipisci','1995-12-09 07:17:10','2020-10-11 14:46:15'),(79,'ad','2020-12-07 13:11:00','2001-06-30 02:45:08'),(80,'soluta','1974-02-10 00:03:10','1999-07-19 20:30:59'),(81,'blanditiis','1983-07-26 05:32:22','1987-06-09 01:41:45'),(82,'odit','2009-12-02 14:15:43','1998-06-24 02:03:04'),(83,'similique','1974-06-11 18:58:34','2018-10-12 21:35:34'),(84,'optio','1979-11-11 10:44:54','2011-10-03 15:17:17'),(85,'veniam','2006-12-16 23:38:20','1979-08-18 21:10:15'),(86,'eos','2012-01-17 22:24:09','1984-05-29 13:00:35'),(87,'quo','1980-07-19 15:42:05','1993-11-01 18:28:41'),(88,'iste','2007-06-25 18:08:17','1976-04-06 09:26:36'),(89,'et','2011-06-03 12:03:36','1980-07-06 04:10:10'),(90,'quos','1985-06-10 03:18:45','1975-10-05 03:59:49'),(91,'voluptas','2017-05-14 23:44:28','1999-07-21 17:47:43'),(92,'aut','2010-06-11 15:20:21','2004-05-22 02:05:02'),(93,'quod','1975-06-08 06:24:01','1971-06-09 19:08:35'),(94,'tempora','2015-04-05 15:15:42','1982-09-16 03:54:54'),(95,'nobis','1981-05-03 08:49:44','1983-01-04 22:04:14'),(96,'iusto','1972-10-18 15:08:16','1975-10-09 21:33:46'),(97,'non','2018-05-30 08:53:38','1989-03-10 06:07:47'),(98,'asperiores','2006-04-19 20:35:18','1989-05-23 20:50:56'),(99,'voluptatem','1985-12-06 08:31:09','1979-07-03 16:23:38'),(100,'veritatis','1981-09-01 02:05:39','1997-05-07 19:31:28');
/*!40000 ALTER TABLE `media_types` ENABLE KEYS */;
UNLOCK TABLES;

--
-- Table structure for table `messages`
--

DROP TABLE IF EXISTS `messages`;
/*!40101 SET @saved_cs_client     = @@character_set_client */;
/*!50503 SET character_set_client = utf8mb4 */;
CREATE TABLE `messages` (
  `id` bigint unsigned NOT NULL AUTO_INCREMENT,
  `from_user_id` bigint unsigned NOT NULL,
  `to_user_id` bigint unsigned NOT NULL,
  `body` text CHARACTER SET utf8mb4 COLLATE utf8mb4_unicode_ci,
  `created_at` datetime DEFAULT CURRENT_TIMESTAMP,
  UNIQUE KEY `id` (`id`),
  KEY `from_user_id` (`from_user_id`),
  KEY `to_user_id` (`to_user_id`),
  CONSTRAINT `messages_ibfk_1` FOREIGN KEY (`from_user_id`) REFERENCES `users` (`id`),
  CONSTRAINT `messages_ibfk_2` FOREIGN KEY (`to_user_id`) REFERENCES `users` (`id`)
) ENGINE=InnoDB AUTO_INCREMENT=101 DEFAULT CHARSET=utf8mb4 COLLATE=utf8mb4_unicode_ci;
/*!40101 SET character_set_client = @saved_cs_client */;

--
-- Dumping data for table `messages`
--

LOCK TABLES `messages` WRITE;
/*!40000 ALTER TABLE `messages` DISABLE KEYS */;
INSERT INTO `messages` VALUES (1,101,101,'Dolorem laboriosam aliquam error sequi voluptatem. Ab libero autem sequi et laudantium distinctio eius. Quia non quo consequuntur magni.','2008-07-08 22:51:18'),(2,102,102,'Nihil enim quia similique porro delectus labore iure. Error qui id illum harum eum vel. Dicta reprehenderit porro ab qui dolores. Corporis numquam et consequatur ratione excepturi necessitatibus nihil.','1995-04-20 13:42:32'),(3,103,103,'Voluptatem quia et delectus accusamus. Sit eveniet quae voluptatem omnis voluptate. Omnis nesciunt dolorum beatae. Molestiae voluptatibus voluptatem officiis voluptatum.','1999-05-02 07:04:17'),(4,104,104,'Laborum praesentium quia possimus eos. Et inventore molestias maiores minus magnam dolorem facilis. Possimus ratione deserunt hic quisquam corporis dolore quo et. Odit quas nostrum mollitia.','1975-12-29 03:15:00'),(5,105,105,'Sed aut et ipsum architecto amet dolore voluptatum. Minima eos quas nisi. Qui iure ea nobis omnis cum rerum quo.','1988-04-12 06:02:42'),(6,108,108,'Veniam quo dicta doloribus. Quo sed nisi consequatur molestiae quia. Voluptas qui facere consequuntur eos maiores itaque illo sit. Porro eos et quia quas dignissimos.','2012-03-29 19:54:52'),(7,109,109,'Ea ipsum voluptatem commodi non veritatis. Dolor dolor placeat eum odit natus et ut mollitia. Soluta ipsum at non dolorum voluptatem cupiditate vitae.','2013-10-18 19:46:18'),(8,110,110,'Eligendi magnam qui ab quam quos saepe voluptatem. Unde fugiat culpa eligendi. Consectetur dolores repellat voluptas in eum.','1997-04-24 02:19:31'),(9,111,111,'Odit mollitia cupiditate sed eius omnis. Sunt dolorem unde sequi hic fuga qui et. Reiciendis nam doloribus consequatur reiciendis aliquid aut voluptatem. Nam ipsam molestiae et rerum.','2001-01-25 14:06:53'),(10,113,113,'Eos ut autem sunt ad iusto ut adipisci. Maiores doloremque autem quisquam asperiores harum asperiores qui. Fugiat qui ut atque laboriosam velit vitae.','2012-11-23 13:35:02'),(11,114,114,'Sint quas quia deserunt sequi aliquid vero earum. Quia quisquam quia ab quia. Et ut et eveniet numquam eveniet rem voluptatem. Corporis praesentium nulla nostrum sit. Magnam voluptatem a occaecati molestiae fugiat.','1974-09-12 01:23:16'),(12,115,115,'Eum nesciunt qui voluptatibus quisquam est praesentium. Quos magnam ut qui ex nisi neque. Maiores est ratione voluptatem delectus placeat aliquam. Odit et mollitia consequatur magnam.','1986-10-06 15:04:34'),(13,116,116,'Cum quam veritatis et sunt magnam porro rerum aliquid. Labore voluptate consequatur dolor laudantium sed est. Ut blanditiis dolore reiciendis animi.','2014-02-09 23:52:25'),(14,117,117,'Totam deleniti optio voluptatibus eum aperiam atque. Labore similique illo voluptatem quo recusandae natus. Optio animi sapiente enim aliquam delectus commodi dignissimos.','1994-03-13 01:57:20'),(15,118,118,'Rem officia ab magni architecto velit. Dolorum laboriosam facilis ut. Eius qui cupiditate reiciendis omnis assumenda. Eos et dolorum eius consequatur laborum voluptas.','2012-01-26 03:26:23'),(16,119,119,'Aperiam rem sint veritatis id. Doloremque rem itaque nam id vel corrupti fugiat. Molestias vitae harum qui molestiae quidem.','2010-09-29 20:47:16'),(17,121,121,'Sit nisi magnam quia ea ut ab. Ut minima aut consequatur quia ratione velit et animi. Ex beatae accusantium vel harum soluta culpa et. Nihil accusamus eveniet velit consequuntur aut.','1995-05-21 05:49:15'),(18,122,122,'Eaque a accusamus aut temporibus neque. Voluptatem eius odio voluptatibus molestiae consequatur quo. Enim fugit est ea sunt. Atque laboriosam eum pariatur dolores. Doloremque quisquam possimus dolor in odio ab.','1987-11-18 23:33:18'),(19,123,123,'Asperiores nobis et blanditiis vel veritatis occaecati ut. Dignissimos cum consectetur ipsam ducimus aut et.','2019-09-10 09:28:17'),(20,124,124,'Ullam placeat expedita est maxime dolor ea recusandae rerum. Maiores molestiae facilis esse sint tempora. In quidem eligendi repellat id dolor est.','2016-02-24 12:53:55'),(21,125,125,'Id dignissimos qui ea alias maiores. Possimus fugiat quo cum quas quidem. Voluptatibus quia aut ut ut perspiciatis suscipit dolorum. Animi incidunt aut modi nobis.','2003-02-11 20:11:32'),(22,128,128,'A commodi qui ex quae. Officiis corrupti qui sed voluptatem ut esse fugit. Praesentium accusantium deleniti incidunt mollitia. Consequatur quis voluptatem maiores quibusdam.','2001-07-31 17:38:44'),(23,134,134,'Consectetur aut eum iste autem possimus omnis perferendis. Molestiae sint qui repellendus rerum aliquam sed. Facere sint quisquam impedit ut et. Minus voluptate voluptatem sunt aut necessitatibus.','2019-03-30 02:23:11'),(24,137,137,'Eos quis nihil iusto blanditiis est. Iste aut ad fugiat atque ut voluptas. Omnis dolorum sed fugit iure vitae.','2013-07-28 19:26:54'),(25,138,138,'Qui provident maxime quia vel harum. Iusto eos earum inventore quisquam mollitia sequi quo. Aut eaque error eligendi. Rerum aliquid quas voluptatem nesciunt earum similique et. Aliquid consequuntur blanditiis et aliquam magnam magnam.','1989-08-25 00:09:17'),(26,139,139,'Quibusdam dicta ad dolor officia sint dolor. Iste consequatur quae odit sequi illum accusamus itaque. Labore reprehenderit dolorem earum consequatur quae quas qui. Totam non esse dolor nihil voluptas.','2004-06-01 15:47:55'),(27,140,140,'Enim odio qui et accusantium et quibusdam deserunt ex. Eligendi sunt laborum eveniet autem non provident nulla delectus.','1973-11-19 05:31:00'),(28,141,141,'Et sit in blanditiis possimus eius itaque nulla eveniet. Fuga ad porro fuga. Provident totam non eaque dolores non. Laboriosam tempore eius ut ratione molestiae est. Repellat doloribus in rerum consequatur nihil voluptatem unde quibusdam.','1974-10-04 05:14:54'),(29,145,145,'Omnis sit ut ut cupiditate ipsa eligendi reiciendis. Ratione ullam repellat quis. In atque repellendus officia blanditiis iure eos rem.','2010-07-13 15:14:21'),(30,146,146,'Amet ut eos ut amet voluptatem a vel et. Ratione quo sit aut nemo illo sunt. Deleniti occaecati et a nulla.','1987-07-02 04:29:40'),(31,147,147,'Incidunt accusantium vel qui voluptas vitae. Ut consequuntur eligendi dignissimos voluptas. Dolorem impedit sed et quos molestiae doloribus quidem. Est nihil esse architecto asperiores impedit.','1995-06-07 18:58:01'),(32,149,149,'Nihil neque odio ea corrupti eum. Totam eos nihil magni placeat iure quia nihil. Laudantium accusamus iure non suscipit voluptas in.','2015-01-20 00:37:53'),(33,150,150,'Molestiae aut dignissimos aspernatur sit deserunt necessitatibus aperiam. Sunt in id sed cumque. Qui velit voluptatum provident ut excepturi cumque. Est magni incidunt voluptatem non aspernatur dolorem qui nihil.','2016-07-09 01:35:48'),(34,151,151,'Ex nulla dolor et et atque ut. Deleniti laborum magni repellendus eum qui. Fuga architecto facilis in ut architecto quidem. Quisquam mollitia nostrum eaque eos non.','2013-11-09 06:16:40'),(35,153,153,'Repellendus voluptas inventore nam dolorum repellat velit doloremque. Saepe debitis nihil quia et quaerat. Incidunt sequi mollitia illo. Accusantium ad ut omnis soluta adipisci mollitia.','1997-04-12 21:20:35'),(36,154,154,'Tempora vel qui consequuntur doloremque accusamus nemo. Molestiae non consequatur eaque omnis nihil. Ipsa porro incidunt quaerat esse repellendus.','1994-01-12 21:26:26'),(37,156,156,'Quia ut veniam magnam. A qui voluptate ut illum ex. Est veritatis praesentium delectus sint.','1977-12-26 18:24:09'),(38,158,158,'Quidem qui corporis quia esse. Est dicta temporibus eaque impedit magnam illum. Deserunt ut est nihil similique ut.','1982-01-18 13:56:58'),(39,159,159,'Et autem dignissimos sint explicabo. Voluptate est ipsam ratione laudantium consequuntur nulla doloremque. Voluptate magni ipsa quidem atque corporis voluptas quia. Fugit deleniti culpa itaque voluptatem in nostrum.','2009-03-17 09:27:23'),(40,160,160,'Et reiciendis fuga mollitia non fugiat aut ex. Eos eaque sint omnis beatae explicabo dolor. Provident dolorum et repellat nobis libero id.','2009-05-18 19:20:43'),(41,161,161,'Culpa et quibusdam ut inventore sint. Animi consequatur voluptatem libero blanditiis blanditiis. Consectetur sunt et quasi recusandae iste nostrum est.','1993-06-16 01:45:50'),(42,166,166,'Dolorum et fugit explicabo in reiciendis modi et. Voluptatem facilis quaerat facilis nemo nemo saepe perferendis sit. Quia et dolore at. Sit cupiditate minus omnis.','1988-06-29 02:01:26'),(43,167,167,'Voluptatem fugit et perspiciatis voluptates eveniet. Sunt dolores sit ipsum omnis eligendi corrupti praesentium.','2001-01-03 14:31:55'),(44,168,168,'Quisquam maxime molestias saepe necessitatibus magnam sequi autem porro. Officia recusandae et corrupti cum dolor. Asperiores repellat illo facere velit molestiae.','2016-03-18 22:47:51'),(45,172,172,'Sed ut autem alias porro amet voluptatem. Aut consectetur ipsam hic maiores et molestias aut. Labore ea nihil sit ut. Quos cumque illo reprehenderit nemo.','2000-02-22 12:25:31'),(46,173,173,'Tempora et praesentium et eveniet. Accusamus qui eum voluptas autem et. Porro sed fugiat quo corporis et voluptates odio.','2019-10-31 23:50:22'),(47,175,175,'Quis repellat libero recusandae doloremque cupiditate. Nesciunt aut voluptate quaerat et vel eaque harum. Assumenda doloribus mollitia ea nisi dolore qui. Qui soluta vero sed voluptatum qui dolor ut.','1981-12-04 12:23:16'),(48,176,176,'Saepe error qui enim tempore. Voluptatem vitae id delectus id optio. Est consectetur expedita ab odit. Voluptatem accusamus enim ea assumenda.','2015-11-28 19:21:39'),(49,178,178,'Illo explicabo repellendus incidunt error. Est delectus in sunt neque vitae sunt. Ut fugiat eum ipsum accusamus harum ut reprehenderit. Reprehenderit non ratione distinctio officia et.','1984-02-15 19:48:50'),(50,179,179,'Assumenda a aspernatur minus unde dolor. Natus ducimus recusandae nulla voluptatibus. Temporibus autem omnis expedita nulla.','2020-02-11 13:21:10'),(51,180,180,'Praesentium a esse officia et. Quisquam natus sint perspiciatis sed quasi. Dolor quas minus officia repellat in quia aut et.','2018-09-25 12:23:19'),(52,181,181,'Consequatur vero est dolores modi deserunt dicta eveniet. Reiciendis et corporis ex ab hic sint. Nulla tempora molestias officiis in nam unde.','2003-06-20 12:11:53'),(53,182,182,'Quod delectus qui id aut et natus placeat. Veritatis aperiam exercitationem a. At ea excepturi et autem iusto.','1981-11-22 11:31:50'),(54,188,188,'Omnis non excepturi fugiat nam sit. Ut molestias rerum iusto praesentium. Maiores voluptas sint quia facere. Quos voluptates deleniti voluptates assumenda officia.','1971-12-22 10:18:17'),(55,190,190,'Optio neque non excepturi saepe veniam incidunt facilis voluptatem. Impedit incidunt sit rem libero deserunt repellendus. Voluptas sint dicta dolor laborum aut.','2019-11-13 11:54:14'),(56,193,193,'Quod commodi blanditiis praesentium. Molestiae autem sunt quo libero sed autem ut. Sunt qui provident rerum libero voluptas harum eveniet.','1981-10-01 05:50:54'),(57,194,194,'Hic at velit ratione neque est vel. Molestias eos dicta quaerat quis. Iure commodi expedita rerum repudiandae error possimus enim enim. Nesciunt qui omnis laudantium quod et nesciunt.','2006-07-04 09:03:27'),(58,197,197,'Necessitatibus delectus doloremque molestias nostrum delectus. Temporibus quae quia quia repellendus eveniet aliquid. Ipsam debitis est ut molestiae voluptatibus vero ratione. Reiciendis rem placeat ut magni.','2010-07-24 05:44:00'),(59,198,198,'Qui suscipit et dolor molestias. Provident atque eveniet eos ea nostrum. Omnis animi qui nulla qui qui voluptatem modi rerum. Molestias rem harum quae ad illo. Recusandae occaecati aliquid ut deleniti necessitatibus ab quia voluptatibus.','2009-09-20 13:14:53'),(60,200,200,'Autem laborum qui voluptates tempore qui commodi. Qui non nostrum magnam consequatur earum.','1972-03-05 08:06:35'),(61,101,101,'Libero ad tenetur occaecati at quia quia maxime ducimus. Voluptates a cum accusantium pariatur aliquid a.','1992-02-18 11:10:38'),(62,102,102,'Nemo distinctio consequatur est et qui sunt. Libero ratione laudantium qui molestiae. Sunt odit magni minima nesciunt rem et dolor. Reprehenderit voluptatem totam expedita veritatis voluptatem.','2014-03-27 03:12:46'),(63,103,103,'Nam aut ipsam reiciendis nam sint. Nobis harum commodi qui fugit. Sed aperiam adipisci nostrum ut cumque dolorem. Maxime iusto officiis autem voluptas. Est eos et voluptas explicabo.','1983-09-17 23:16:29'),(64,104,104,'Beatae reprehenderit officiis quas aut quas enim corrupti eius. Perferendis quo qui error odio. Cum iste reiciendis sit nesciunt enim autem nemo. Voluptas in qui hic sed.','2004-10-13 14:59:39'),(65,105,105,'Fuga fuga magnam expedita ut qui saepe. Vel reprehenderit sed veniam vero. Consequatur molestiae non accusamus inventore laudantium. Ea voluptas et velit facilis reprehenderit iste quia. Nam error consequatur non ut consequatur.','2006-12-26 12:23:35'),(66,108,108,'Inventore est consequatur ut dolorum in. Nisi et perspiciatis quia dolor assumenda officiis mollitia qui. Consectetur sequi adipisci aliquid sed nulla iste qui eveniet. Omnis nihil laboriosam dolores illo consequatur repellendus.','2019-08-08 06:47:55'),(67,109,109,'Cumque autem culpa totam consequatur sint voluptate et et. Unde magnam possimus ut saepe reiciendis. Sed vitae laborum inventore inventore. Occaecati explicabo et non sit.','1991-04-04 03:30:13'),(68,110,110,'Modi fugiat sapiente vitae voluptas reprehenderit maxime. Quas voluptatem aspernatur ut sunt est iusto. Maiores atque fugit dolorem quos modi. Aut saepe est dicta architecto quam quia. Sint pariatur dicta aut eum facere adipisci.','1993-01-08 06:14:52'),(69,111,111,'Non facere eligendi non cumque rerum doloribus. Ullam accusantium quisquam maiores dolorem sapiente accusantium voluptas autem.','2001-04-13 20:56:12'),(70,113,113,'Non pariatur quas veniam non vel eum expedita tempore. Iure libero rerum soluta deleniti enim. Similique doloribus vitae quia doloremque laborum rerum at. Illo molestias aliquam consequatur sed laudantium corrupti sunt nemo.','1986-03-03 01:01:21'),(71,114,114,'Repellat et asperiores quaerat nobis. Velit debitis expedita dolore facilis velit similique laboriosam. Pariatur incidunt et nihil sunt.','2008-09-06 19:41:46'),(72,115,115,'Saepe in ea eum placeat aut ullam. Voluptatem quisquam itaque velit. Debitis sit consectetur odit blanditiis voluptatem.','1980-10-02 19:52:14'),(73,116,116,'Eos corporis consequatur deserunt est. Autem eveniet incidunt voluptatem magnam soluta saepe. Velit facere in aut architecto eius tenetur. Officiis ut praesentium ut quo. Laborum et natus non aut perferendis velit.','2019-08-18 20:10:19'),(74,117,117,'Aut voluptatem qui voluptas ut voluptas qui provident. Magnam autem praesentium nesciunt quod deleniti. Consequatur consequatur asperiores ut aperiam magnam adipisci dolorem. Voluptas ea reprehenderit autem qui est omnis sed.','2012-06-24 14:26:39'),(75,118,118,'Dicta deserunt iste voluptas nisi. Natus reiciendis distinctio sint corrupti vel. Iure odit voluptas dolor explicabo qui ut aliquid. Pariatur corrupti beatae voluptate architecto corrupti occaecati rem. Esse reprehenderit suscipit vel eligendi tempore ipsa.','2020-06-29 04:50:45'),(76,119,119,'Et aspernatur velit officiis veritatis. Atque autem atque debitis veritatis ea ducimus veniam. Ea exercitationem optio veritatis doloribus.','2010-12-03 03:50:47'),(77,121,121,'Eum est qui nemo optio aliquid autem dicta. Et id cupiditate praesentium cumque repudiandae. Quisquam aliquam qui distinctio temporibus. Voluptatem architecto iste officiis animi quis aut itaque sint.','2007-06-07 15:40:18'),(78,122,122,'Rem nulla sapiente qui ut enim et nostrum. Voluptas dolores voluptatibus eum provident autem voluptates voluptas. Ducimus iste commodi dolore et et impedit dicta. Excepturi dolor blanditiis est velit illo.','1980-07-27 09:12:48'),(79,123,123,'Est sit at non at. Commodi modi qui eius dolores. Officia iusto quia aut sapiente aut esse.','2017-06-28 09:53:13'),(80,124,124,'Iure totam placeat hic magnam. Eligendi sunt voluptates ipsum ut possimus. Molestias quas necessitatibus nemo occaecati dolor illo iure qui. Consequatur rerum nisi recusandae sed eligendi.','1998-06-26 18:42:41'),(81,125,125,'Ea qui fugit aut sit. Quibusdam aliquam ut doloribus velit asperiores optio.','2009-01-23 02:56:27'),(82,128,128,'Dolorum officia veniam et velit quia optio deleniti. Blanditiis eius occaecati ut cum eum beatae. Sed non et voluptas animi. Aut est quos quo alias minus voluptatem nemo velit.','1979-08-29 00:37:24'),(83,134,134,'Autem qui qui incidunt quasi esse. Ut reiciendis pariatur quasi necessitatibus est aut quo. Laboriosam et consequuntur harum beatae libero eos. Velit totam rem magnam et numquam.','2005-11-04 05:16:06'),(84,137,137,'Sed aliquid eligendi quae iste. Fugiat harum velit ut impedit amet aut. Adipisci minus totam explicabo et. Sed minus aut veritatis eligendi cupiditate distinctio molestiae.','1999-09-13 12:02:58'),(85,138,138,'Tempore non excepturi et velit quasi. Et itaque eos hic nobis. Quis aspernatur laudantium libero ea ut molestiae. Porro asperiores quo aut assumenda illo.','1986-10-28 09:03:12'),(86,139,139,'Omnis et quia doloribus provident debitis sed. Sit ratione quaerat modi excepturi et. Quos natus voluptate voluptate illum temporibus.','2015-02-18 12:35:55'),(87,140,140,'Reiciendis facere dolor corporis qui veritatis sapiente. Placeat inventore earum omnis accusamus. Ratione quo quibusdam non est id minima.','1988-02-19 22:17:35'),(88,141,141,'Quaerat reprehenderit velit consequatur ea consequatur expedita dolores. Quis culpa alias porro vel esse at sapiente. Voluptatem exercitationem perferendis omnis dolor voluptatibus eos.','2000-02-24 20:55:50'),(89,145,145,'Ea aut eum non dolorem. Sint voluptate quia repellat quia. Aut sit distinctio quod sapiente labore omnis. Quia ea sint et sunt voluptatibus facilis non.','2004-05-22 14:37:03'),(90,146,146,'Quia nulla et sapiente eius consequatur. Quia at ex nulla architecto provident. Voluptatem autem dignissimos fuga labore odio. Voluptatum incidunt earum numquam.','1985-07-24 09:07:22'),(91,147,147,'Incidunt facere ea autem qui nam veniam. Aut facilis est inventore eius recusandae ut. Ut velit quos est. Omnis ab debitis perspiciatis voluptas alias.','2016-02-24 13:29:53'),(92,149,149,'Iusto perspiciatis aut voluptate. Labore cupiditate minima cumque nulla id porro eum. Nostrum eveniet excepturi aut quasi commodi et. Velit expedita quia quas earum.','2007-05-01 02:53:53'),(93,150,150,'Eos corporis sit nostrum eos. Odio similique fuga cumque quo adipisci. Quo voluptas eos libero ab. Quisquam molestiae dolorem autem. Temporibus tempora rerum aut nisi.','2007-03-22 08:23:10'),(94,151,151,'Est amet perspiciatis nostrum nihil et iure occaecati. Sed dolor qui aut. Cupiditate eius dolores aut velit qui enim omnis. Quis enim quod nihil nam et eaque.','1987-11-19 02:49:00'),(95,153,153,'Accusantium recusandae aut aut quo possimus nobis quas animi. Similique voluptates repudiandae qui rerum in ad iusto.','1989-01-07 00:33:07'),(96,154,154,'Odit asperiores voluptatem iure sint voluptatem doloremque distinctio inventore. Vel laborum est quis consectetur sit ab. Qui vel voluptatem quis et laudantium. Similique eius earum autem.','1997-03-28 19:58:51'),(97,156,156,'Magni distinctio sunt provident nihil quam dolorem. In cumque dolore ullam eum modi. Minima mollitia adipisci optio sit sed sint.','2011-03-30 13:02:44'),(98,158,158,'Omnis eos est labore voluptatem voluptas ut totam. Cumque consequatur nihil perferendis sed ex et vel. Illo maiores rem nemo quaerat nisi fugiat. Consequuntur quidem alias officiis. Modi atque laborum repudiandae pariatur quidem.','2020-06-30 02:46:49'),(99,159,159,'Vitae doloremque et magni error maxime hic. Omnis repellat rerum quidem consequuntur repellendus voluptatem dolores. Voluptatem aliquid voluptas optio sed officia.','1998-08-22 22:11:33'),(100,160,160,'Voluptas voluptate rerum dolorem impedit. Sint nihil consequatur nobis harum. Doloribus aperiam nobis voluptatem cumque excepturi cumque.','2003-05-31 07:28:18');
/*!40000 ALTER TABLE `messages` ENABLE KEYS */;
UNLOCK TABLES;

--
-- Table structure for table `photo_albums`
--

DROP TABLE IF EXISTS `photo_albums`;
/*!40101 SET @saved_cs_client     = @@character_set_client */;
/*!50503 SET character_set_client = utf8mb4 */;
CREATE TABLE `photo_albums` (
  `id` bigint unsigned NOT NULL AUTO_INCREMENT,
  `name` varchar(255) CHARACTER SET utf8mb4 COLLATE utf8mb4_unicode_ci DEFAULT NULL,
  `user_id` bigint unsigned DEFAULT NULL,
  PRIMARY KEY (`id`),
  UNIQUE KEY `id` (`id`),
  KEY `user_id` (`user_id`),
  CONSTRAINT `photo_albums_ibfk_1` FOREIGN KEY (`user_id`) REFERENCES `users` (`id`)
) ENGINE=InnoDB AUTO_INCREMENT=101 DEFAULT CHARSET=utf8mb4 COLLATE=utf8mb4_unicode_ci;
/*!40101 SET character_set_client = @saved_cs_client */;

--
-- Dumping data for table `photo_albums`
--

LOCK TABLES `photo_albums` WRITE;
/*!40000 ALTER TABLE `photo_albums` DISABLE KEYS */;
INSERT INTO `photo_albums` VALUES (1,'quae',101),(2,'a',102),(3,'laborum',103),(4,'ea',104),(5,'autem',105),(6,'consequuntur',108),(7,'rerum',109),(8,'consequatur',110),(9,'dolorem',111),(10,'voluptatem',113),(11,'numquam',114),(12,'error',115),(13,'aut',116),(14,'ut',117),(15,'voluptate',118),(16,'voluptatum',119),(17,'placeat',121),(18,'rerum',122),(19,'omnis',123),(20,'et',124),(21,'veritatis',125),(22,'ipsa',128),(23,'in',134),(24,'quae',137),(25,'maxime',138),(26,'sint',139),(27,'aut',140),(28,'fuga',141),(29,'ad',145),(30,'quibusdam',146),(31,'veritatis',147),(32,'architecto',149),(33,'et',150),(34,'alias',151),(35,'sint',153),(36,'est',154),(37,'et',156),(38,'nostrum',158),(39,'rerum',159),(40,'nulla',160),(41,'reiciendis',161),(42,'quasi',166),(43,'molestiae',167),(44,'excepturi',168),(45,'perferendis',172),(46,'explicabo',173),(47,'qui',175),(48,'nemo',176),(49,'occaecati',178),(50,'dolores',179),(51,'voluptatem',180),(52,'dignissimos',181),(53,'aut',182),(54,'neque',188),(55,'voluptas',190),(56,'rerum',193),(57,'dolor',194),(58,'reiciendis',197),(59,'at',198),(60,'facilis',200),(61,'omnis',101),(62,'asperiores',102),(63,'sapiente',103),(64,'adipisci',104),(65,'error',105),(66,'sed',108),(67,'numquam',109),(68,'modi',110),(69,'deleniti',111),(70,'rem',113),(71,'beatae',114),(72,'est',115),(73,'saepe',116),(74,'corrupti',117),(75,'aliquid',118),(76,'quas',119),(77,'atque',121),(78,'doloremque',122),(79,'aut',123),(80,'aut',124),(81,'perferendis',125),(82,'facilis',128),(83,'est',134),(84,'error',137),(85,'eveniet',138),(86,'nesciunt',139),(87,'vitae',140),(88,'atque',141),(89,'quia',145),(90,'rerum',146),(91,'rem',147),(92,'occaecati',149),(93,'voluptas',150),(94,'eos',151),(95,'assumenda',153),(96,'aut',154),(97,'id',156),(98,'laudantium',158),(99,'reiciendis',159),(100,'quo',160);
/*!40000 ALTER TABLE `photo_albums` ENABLE KEYS */;
UNLOCK TABLES;

--
-- Table structure for table `photos`
--

DROP TABLE IF EXISTS `photos`;
/*!40101 SET @saved_cs_client     = @@character_set_client */;
/*!50503 SET character_set_client = utf8mb4 */;
CREATE TABLE `photos` (
  `id` bigint unsigned NOT NULL AUTO_INCREMENT,
  `album_id` bigint unsigned DEFAULT NULL,
  `media_id` bigint unsigned NOT NULL,
  UNIQUE KEY `id` (`id`),
  KEY `album_id` (`album_id`),
  KEY `media_id` (`media_id`),
  CONSTRAINT `photos_ibfk_1` FOREIGN KEY (`album_id`) REFERENCES `photo_albums` (`id`),
  CONSTRAINT `photos_ibfk_2` FOREIGN KEY (`media_id`) REFERENCES `media` (`id`)
) ENGINE=InnoDB AUTO_INCREMENT=101 DEFAULT CHARSET=utf8mb4 COLLATE=utf8mb4_unicode_ci;
/*!40101 SET character_set_client = @saved_cs_client */;

--
-- Dumping data for table `photos`
--

LOCK TABLES `photos` WRITE;
/*!40000 ALTER TABLE `photos` DISABLE KEYS */;
INSERT INTO `photos` VALUES (1,1,1),(2,2,2),(3,3,3),(4,4,4),(5,5,5),(6,6,6),(7,7,7),(8,8,8),(9,9,9),(10,10,10),(11,11,11),(12,12,12),(13,13,13),(14,14,14),(15,15,15),(16,16,16),(17,17,17),(18,18,18),(19,19,19),(20,20,20),(21,21,21),(22,22,22),(23,23,23),(24,24,24),(25,25,25),(26,26,26),(27,27,27),(28,28,28),(29,29,29),(30,30,30),(31,31,31),(32,32,32),(33,33,33),(34,34,34),(35,35,35),(36,36,36),(37,37,37),(38,38,38),(39,39,39),(40,40,40),(41,41,41),(42,42,42),(43,43,43),(44,44,44),(45,45,45),(46,46,46),(47,47,47),(48,48,48),(49,49,49),(50,50,50),(51,51,51),(52,52,52),(53,53,53),(54,54,54),(55,55,55),(56,56,56),(57,57,57),(58,58,58),(59,59,59),(60,60,60),(61,61,61),(62,62,62),(63,63,63),(64,64,64),(65,65,65),(66,66,66),(67,67,67),(68,68,68),(69,69,69),(70,70,70),(71,71,71),(72,72,72),(73,73,73),(74,74,74),(75,75,75),(76,76,76),(77,77,77),(78,78,78),(79,79,79),(80,80,80),(81,81,81),(82,82,82),(83,83,83),(84,84,84),(85,85,85),(86,86,86),(87,87,87),(88,88,88),(89,89,89),(90,90,90),(91,91,91),(92,92,92),(93,93,93),(94,94,94),(95,95,95),(96,96,96),(97,97,97),(98,98,98),(99,99,99),(100,100,100);
/*!40000 ALTER TABLE `photos` ENABLE KEYS */;
UNLOCK TABLES;

--
-- Table structure for table `profiles`
--

DROP TABLE IF EXISTS `profiles`;
/*!40101 SET @saved_cs_client     = @@character_set_client */;
/*!50503 SET character_set_client = utf8mb4 */;
CREATE TABLE `profiles` (
  `user_id` bigint unsigned NOT NULL,
  `gender` char(1) CHARACTER SET utf8mb4 COLLATE utf8mb4_unicode_ci DEFAULT NULL,
  `birthday` date DEFAULT NULL,
  `photo_id` bigint unsigned DEFAULT NULL,
  `created_at` datetime DEFAULT CURRENT_TIMESTAMP,
  `hometown` varchar(100) CHARACTER SET utf8mb4 COLLATE utf8mb4_unicode_ci DEFAULT NULL,
  UNIQUE KEY `user_id` (`user_id`),
  CONSTRAINT `fk_user_id` FOREIGN KEY (`user_id`) REFERENCES `users` (`id`) ON UPDATE CASCADE
) ENGINE=InnoDB DEFAULT CHARSET=utf8mb4 COLLATE=utf8mb4_unicode_ci;
/*!40101 SET character_set_client = @saved_cs_client */;

--
-- Dumping data for table `profiles`
--

LOCK TABLES `profiles` WRITE;
/*!40000 ALTER TABLE `profiles` DISABLE KEYS */;
INSERT INTO `profiles` VALUES (101,NULL,'2010-06-16',1,'1983-04-17 20:57:44',NULL),(102,NULL,'2009-07-17',2,'2009-08-04 12:22:16',NULL),(103,NULL,'2020-05-04',3,'1982-02-22 09:56:43',NULL),(104,NULL,'1971-10-18',4,'1984-10-09 22:21:33',NULL),(105,NULL,'1978-03-11',5,'1972-09-19 11:30:48',NULL),(108,NULL,'1986-07-15',6,'2006-01-27 04:42:11',NULL),(109,NULL,'1985-12-19',7,'1980-04-08 12:47:40',NULL),(110,NULL,'1983-11-25',8,'2001-02-14 19:33:35',NULL),(111,NULL,'1971-10-16',9,'2006-06-10 18:15:30',NULL),(113,NULL,'1982-02-19',10,'2013-12-29 07:16:54',NULL),(114,NULL,'2015-09-01',11,'1997-06-18 22:34:43',NULL),(115,NULL,'1997-01-11',12,'1976-02-29 13:30:51',NULL),(116,NULL,'2013-06-22',13,'1984-03-29 03:43:03',NULL),(117,NULL,'1987-02-11',14,'1971-02-21 05:29:40',NULL),(118,NULL,'2016-10-20',15,'2012-09-17 11:12:15',NULL),(119,NULL,'2016-04-30',16,'1995-10-12 01:29:58',NULL),(121,NULL,'1992-06-01',17,'2020-11-22 15:43:18',NULL),(122,NULL,'2020-04-09',18,'1974-04-22 08:24:14',NULL),(123,NULL,'1991-10-31',19,'2010-08-21 00:45:23',NULL),(124,NULL,'1998-03-01',20,'1992-03-15 10:09:01',NULL),(125,NULL,'1976-06-04',21,'1985-12-26 07:40:26',NULL),(128,NULL,'2000-03-23',22,'1972-03-07 13:14:44',NULL),(134,NULL,'1994-10-04',23,'1997-12-17 02:35:27',NULL),(137,NULL,'1995-02-14',24,'1975-05-04 00:52:19',NULL),(138,NULL,'2001-07-28',25,'1983-12-03 04:46:59',NULL),(139,NULL,'1985-05-13',26,'2008-09-24 08:23:53',NULL),(140,NULL,'1978-10-30',27,'1993-08-12 23:34:31',NULL),(141,NULL,'1996-03-26',28,'2005-01-03 07:29:28',NULL),(145,NULL,'1990-07-06',29,'2004-05-16 20:10:56',NULL),(146,NULL,'1975-12-13',30,'1998-04-07 19:22:58',NULL),(147,NULL,'1981-09-28',31,'1987-10-11 08:15:03',NULL),(149,NULL,'2014-05-18',32,'2018-03-13 13:14:39',NULL),(150,NULL,'2014-10-05',33,'1992-11-28 19:37:55',NULL),(151,NULL,'1986-03-16',34,'2000-06-28 22:21:26',NULL),(153,NULL,'1988-05-05',35,'1977-10-12 21:24:44',NULL),(154,NULL,'2017-02-13',36,'1984-01-31 13:50:34',NULL),(156,NULL,'1981-08-24',37,'1994-02-20 02:44:29',NULL),(158,NULL,'1987-12-07',38,'2008-11-24 08:27:13',NULL),(159,NULL,'1998-10-23',39,'1976-02-25 05:47:17',NULL),(160,NULL,'1972-06-11',40,'1975-09-22 12:17:12',NULL),(161,NULL,'1971-09-25',41,'2013-12-02 18:48:29',NULL),(166,NULL,'1996-01-29',42,'1992-01-31 07:54:46',NULL),(167,NULL,'1972-04-29',43,'2007-05-22 00:51:16',NULL),(168,NULL,'1989-04-17',44,'1983-10-10 06:39:35',NULL),(172,NULL,'2021-01-24',45,'2013-06-18 14:54:34',NULL),(173,NULL,'1986-11-25',46,'1987-06-08 18:14:36',NULL),(175,NULL,'1998-10-27',47,'2019-03-31 12:38:34',NULL),(176,NULL,'2018-03-07',48,'1999-01-14 04:18:05',NULL),(178,NULL,'1973-07-22',49,'1978-10-13 16:31:01',NULL),(179,NULL,'1986-05-05',50,'1984-11-10 07:37:22',NULL),(180,NULL,'1991-04-21',51,'1982-12-09 15:48:37',NULL),(181,NULL,'1977-08-04',52,'1995-01-15 11:53:19',NULL),(182,NULL,'1972-08-11',53,'1993-07-16 00:46:35',NULL),(188,NULL,'1979-05-19',54,'2015-03-15 05:57:43',NULL),(190,NULL,'1987-05-18',55,'1987-09-24 01:11:12',NULL),(193,NULL,'1973-03-17',56,'2004-11-12 04:17:51',NULL),(194,NULL,'2007-04-30',57,'2016-10-23 09:01:37',NULL),(197,NULL,'2008-11-08',58,'1988-05-23 11:12:02',NULL),(198,NULL,'2001-09-24',59,'2015-04-22 20:14:50',NULL),(200,NULL,'1993-10-31',60,'1973-08-28 22:18:37',NULL);
/*!40000 ALTER TABLE `profiles` ENABLE KEYS */;
UNLOCK TABLES;

--
-- Table structure for table `users`
--

DROP TABLE IF EXISTS `users`;
/*!40101 SET @saved_cs_client     = @@character_set_client */;
/*!50503 SET character_set_client = utf8mb4 */;
CREATE TABLE `users` (
  `id` bigint unsigned NOT NULL AUTO_INCREMENT,
  `firstname` varchar(50) CHARACTER SET utf8mb4 COLLATE utf8mb4_unicode_ci DEFAULT NULL,
  `lastname` varchar(50) CHARACTER SET utf8mb4 COLLATE utf8mb4_unicode_ci DEFAULT NULL COMMENT '',
  `email` varchar(120) CHARACTER SET utf8mb4 COLLATE utf8mb4_unicode_ci DEFAULT NULL,
  `password_hash` varchar(100) CHARACTER SET utf8mb4 COLLATE utf8mb4_unicode_ci DEFAULT NULL,
  `phone` bigint unsigned DEFAULT NULL,
  PRIMARY KEY (`id`),
  UNIQUE KEY `email` (`email`),
  UNIQUE KEY `phone` (`phone`),
  KEY `users_firstname_lastname_idx` (`firstname`,`lastname`)
) ENGINE=InnoDB AUTO_INCREMENT=201 DEFAULT CHARSET=utf8mb4 COLLATE=utf8mb4_unicode_ci COMMENT='';
/*!40101 SET character_set_client = @saved_cs_client */;

--
-- Dumping data for table `users`
--

LOCK TABLES `users` WRITE;
/*!40000 ALTER TABLE `users` DISABLE KEYS */;
INSERT INTO `users` VALUES (101,'Princess','McKenzie','arturo.lueilwitz@example.com','a9a76ba9d5eed7c0cef12ca2ee3561803658cdcd',1),(102,'Fern','Oberbrunner','doris.kerluke@example.org','2a282d30fc181572b7156f59b80d168f41972b9d',362),(103,'Lavon','White','lharvey@example.com','ba2421b6f27df83b073385e984d6b5ca641c5262',598),(104,'Ansley','Johns','zlubowitz@example.org','c3d8b136c1d487db050de92af2a3ae844ad3cadb',0),(105,'Uriel','Hilll','gheidenreich@example.net','bd3e48620c688e6c20268f688845433a97065453',367907),(108,'Crystel','Rau','klein.jimmy@example.org','5f5269145a8dc30cf16128dea24edd98a59528c0',7079959329),(109,'Dessie','Altenwerth','wilbert.bailey@example.org','bcf5eb46e28dbe58f8763aad3a421b33682e85fc',547),(110,'Peggie','Pouros','destiney83@example.com','21a510cf1d6a9548c4446506b1cbea1b03e3849d',453979),(111,'Zoe','Miller','loyal.hilll@example.org','970eca707d99487f5bae169a24b78248c01263b2',565),(113,'Glen','Feest','weber.emmanuel@example.org','b003e671b3955a57003c5d75a69398812e8df5e8',16),(114,'Lennie','Rosenbaum','lfisher@example.net','848faf9e7307f711f0b2f7fa792d2919d01d3686',594),(115,'Delmer','Beier','myrtie.franecki@example.net','1e023efe7254299a8ef2ba4bc65e72590c9424f4',456711),(116,'Gilda','Ondricka','adelle55@example.com','2949407955adcd24339b649ae0128dbd1b8d3b36',837),(117,'Sean','Beahan','osinski.cecile@example.net','abc87e83d79941f039e830e8304ebad7072ef1e3',359558),(118,'Nicola','Vandervort','friesen.florence@example.net','03b0e9f7a8b68e25bf7f8bee6fcfd6fbd7b78f6d',9527877720),(119,'Corrine','Bartoletti','annamae.paucek@example.com','5ce0fc92422b75310dd450b8a3ceeaa1dbfbaa0a',511),(121,'Westley','Orn','stanton.amelie@example.com','a7615db47f3d96273c069ecab0761bf56db5db52',88),(122,'Wilford','Kohler','schuster.hertha@example.org','d94a7a702c2ef2ce50ddc3cc72df0765c6bc4e8e',5498515023),(123,'Antonia','Leuschke','walker.minerva@example.net','91525111ed1d043b3dd36dfb50c2100d4ec7ed33',912),(124,'Zoey','Monahan','simonis.bianka@example.org','a8d4a1eae9344a34771927827ef653549b4e5476',4873),(125,'Bridgette','Beer','cecil.denesik@example.net','19335c7e33be75d6e45f68941c1dc4a95e700214',18821),(128,'Cassidy','Kunde','andre.schneider@example.org','e8e024e873c1992a8824605841c8bd269e1d2d5c',292),(134,'Georgianna','Hudson','heller.uriah@example.com','3a081df6d9ed36233a5cc0269adc746929e0d617',84),(137,'Judy','Pollich','fabiola19@example.org','bb71b369479df532b3ce8ecd85152b62c88b5c85',179),(138,'Ambrose','Jones','fgoyette@example.com','7c51e19931c3dbf8b97bd8dad2ccef67643e836f',141809),(139,'Camila','Effertz','raegan.dickinson@example.com','ac9105b4339b1df94b671714bb5d9218223499a9',87),(140,'Norris','Koss','lera.senger@example.com','ee9a736fd6aed32bd1272ff718bd26021b0c04f8',533966),(141,'Felix','Stoltenberg','emma11@example.net','237a60a0d28010663b4b82367e7db7c5a4b8d446',2030562443),(145,'Colton','Fadel','mabelle98@example.net','9d0d0ded9791393f0d3be40370d2690d97611bab',1240),(146,'Cali','Tromp','tremayne.bednar@example.org','21b544d83e6b2eaf2db41e6d6f19712f770c6fd1',822865),(147,'Sanford','Heidenreich','vkris@example.net','56c9040f4d3c998694bb7213dbbf27d714405d56',679392),(149,'Kiana','Boyle','delia.gerhold@example.com','f57d1da01748095fa1bb99af00d2db2939fd7bd2',85),(150,'Eden','Kunze','caitlyn.greenholt@example.org','b48cecbdb3059e8e5ee5a3aaf666518bda01833e',382004),(151,'Dillan','Becker','roger65@example.com','6656255116d94c5369edb9466a779951a295567c',397),(153,'Alyson','Runte','ines80@example.com','f987994b6db752fd51ebe7edfd0ffa7fa1b22207',751744),(154,'Trevor','Beier','uorn@example.net','fcb3a7e9c620242bf5f7cd02edd1c13254e80ee4',630769),(156,'General','Feil','raynor.brando@example.org','dedbd8cc066663ce8e5a2c531ad8102a0c86f459',323),(158,'Bradly','Robel','samanta.schiller@example.com','9f0f8144312d57d955b8c8149d5f41f5bc455ee6',78319),(159,'Jada','Wilderman','waelchi.gisselle@example.net','880db6d7e99ac97088fb1a392c0e4b4d4240226b',427),(160,'Jillian','Okuneva','wuckert.madilyn@example.net','b99772500467cbb3afe0dbf5b564bb8d3e19463d',21),(161,'Miracle','Beer','kulas.derrick@example.com','16e43622f8569f757ee064409d56298aae65fc79',5965978652),(166,'Jed','King','devante53@example.org','4c6c76ac288146387abbec0c91e1b6aff1a67948',5710509033),(167,'Florencio','O\'Conner','mcartwright@example.net','c51fdf531aa8d91fd7ba0aba3d2fa3f6fb27b70b',6076788087),(168,'Janice','Pouros','ondricka.cordia@example.com','bfbf78be4bf92a30b2c9102a9a9462e4924977f8',746),(172,'Earl','Kreiger','mireille95@example.org','3332017b69093d001cde7a325c14d13ccae7454f',93978),(173,'Barrett','Breitenberg','mflatley@example.com','6140e2e2677bf1574ba5ab08e3f8793fae5620e1',694),(175,'Mack','Nader','shawn.brakus@example.net','eb948238c09a97c4abc8e07efed2861160864e9b',19),(176,'Mathilde','Ullrich','miller.warren@example.org','dc555d5a283096a2ed2a4ed135a8339dc8690ae5',950409),(178,'Jaiden','Emmerich','renner.delta@example.com','407bdd01c6710aad351a588d8ddb16c36ae29782',72534),(179,'Evelyn','Hane','uhessel@example.com','71f0a73cac5ad9398def53b57258334250d10e9f',207),(180,'Deangelo','Blanda','kristopher65@example.net','cb9f81f361b7b78804070fdde6a54ae4aad97a75',262),(181,'Loyce','Hoeger','lucinda.senger@example.com','aebd9bcdf05edb85331606ed9c8b0faf93d9ae04',40),(182,'Jake','Mueller','emmerich.rhett@example.com','369d6e05f758d1d846848ba2db68c4e32ca2c140',902),(188,'Angie','Pacocha','frieda57@example.com','ec308bc364f78cf5aee18e53b114c7c573d887d7',119193),(190,'Anjali','Schultz','cathrine.larson@example.net','31aa37497b06aa9b0223c668cfe19f77f898f998',428791),(193,'Torrey','Schowalter','eliane.morissette@example.com','3341d579e737987b232914b8fa2b5869ba1e56a9',64768),(194,'Uriel','Wisozk','hartmann.jermey@example.net','1d895131274f39a93fd513e32c2f1b4b3a42ce0b',314551),(197,'Rocio','Lehner','hemard@example.net','a60fe1cf52f016b99aa5eb3639478dcbb3d0e2a1',183097),(198,'Elvis','Macejkovic','linda.green@example.com','04245dd73a1ee15ba4bc1ca8d9143b5dfdd94e9d',840765),(200,'Verna','Heaney','peggie.hilll@example.net','a388c9fefa42ce45d972aeec323882005bcae17e',136717);
/*!40000 ALTER TABLE `users` ENABLE KEYS */;
UNLOCK TABLES;

--
-- Table structure for table `users_communities`
--

DROP TABLE IF EXISTS `users_communities`;
/*!40101 SET @saved_cs_client     = @@character_set_client */;
/*!50503 SET character_set_client = utf8mb4 */;
CREATE TABLE `users_communities` (
  `user_id` bigint unsigned NOT NULL,
  `community_id` bigint unsigned NOT NULL,
  PRIMARY KEY (`user_id`,`community_id`),
  KEY `community_id` (`community_id`),
  CONSTRAINT `users_communities_ibfk_1` FOREIGN KEY (`user_id`) REFERENCES `users` (`id`),
  CONSTRAINT `users_communities_ibfk_2` FOREIGN KEY (`community_id`) REFERENCES `communities` (`id`)
) ENGINE=InnoDB DEFAULT CHARSET=utf8mb4 COLLATE=utf8mb4_unicode_ci;
/*!40101 SET character_set_client = @saved_cs_client */;

--
-- Dumping data for table `users_communities`
--

LOCK TABLES `users_communities` WRITE;
/*!40000 ALTER TABLE `users_communities` DISABLE KEYS */;
INSERT INTO `users_communities` VALUES (101,1),(102,2),(103,3),(104,4),(105,5),(108,6),(109,7),(110,8),(111,9),(113,10),(114,11),(115,12),(116,13),(117,14),(118,15),(119,16),(121,17),(122,18),(123,19),(124,20),(125,21),(128,22),(134,23),(137,24),(138,25),(139,26),(140,27),(141,28),(145,29),(146,30),(147,31),(149,32),(150,33),(151,34),(153,35),(154,36),(156,37),(158,38),(159,39),(160,40),(161,41),(166,42),(167,43),(168,44),(172,45),(173,46),(175,47),(176,48),(178,49),(179,50),(180,51),(181,52),(182,53),(188,54),(190,55),(193,56),(194,57),(197,58),(198,59),(200,60),(101,61),(102,62),(103,63),(104,64),(105,65),(108,66),(109,67),(110,68),(111,69),(113,70),(114,71),(115,72),(116,73),(117,74),(118,75),(119,76),(121,77),(122,78),(123,79),(124,80),(125,81),(128,82),(134,83),(137,84),(138,85),(139,86),(140,87),(141,88),(145,89),(146,90),(147,91),(149,92),(150,93),(151,94),(153,95),(154,96),(156,97),(158,98),(159,99),(160,100);
/*!40000 ALTER TABLE `users_communities` ENABLE KEYS */;
UNLOCK TABLES;
/*!40103 SET TIME_ZONE=@OLD_TIME_ZONE */;

/*!40101 SET SQL_MODE=@OLD_SQL_MODE */;
/*!40014 SET FOREIGN_KEY_CHECKS=@OLD_FOREIGN_KEY_CHECKS */;
/*!40014 SET UNIQUE_CHECKS=@OLD_UNIQUE_CHECKS */;
/*!40101 SET CHARACTER_SET_CLIENT=@OLD_CHARACTER_SET_CLIENT */;
/*!40101 SET CHARACTER_SET_RESULTS=@OLD_CHARACTER_SET_RESULTS */;
/*!40101 SET COLLATION_CONNECTION=@OLD_COLLATION_CONNECTION */;
/*!40111 SET SQL_NOTES=@OLD_SQL_NOTES */;

-- Dump completed on 2021-06-03 20:27:22
